Date,Open,High,Low,Close,Volume,Adj Close
2017-03-15,1560,1560,1481,1486,102000,1486
2017-03-14,1540,1570,1517,1563,68900,1563
2017-03-13,1535,1577,1534,1541,94600,1541
2017-03-10,1519,1540,1515,1527,79300,1527
2017-03-09,1539,1544,1493,1514,95300,1514
2017-03-08,1532,1544,1510,1531,120400,1531
2017-03-07,1569,1585,1532,1534,105500,1534
2017-03-06,1525,1576,1517,1570,107100,1570
2017-03-03,1564,1587,1558,1565,109300,1565
2017-03-02,1574,1580,1521,1561,142600,1561
2017-03-01,1528,1568,1506,1565,163800,1565
2017-02-28,1511,1564,1495,1528,221200,1528
2017-02-27,1505,1514,1486,1489,111100,1489
2017-02-24,1492,1523,1489,1505,86200,1505
2017-02-23,1507,1525,1472,1492,127500,1492
2017-02-22,1494,1510,1490,1501,124500,1501
2017-02-21,1445,1493,1440,1486,228200,1486
2017-02-20,1439,1463,1432,1443,167900,1443
2017-02-17,1390,1447,1388,1438,186200,1438
2017-02-16,1375,1416,1373,1403,126200,1403
2017-02-15,1399,1406,1367,1385,96600,1385
2017-02-14,1413,1426,1389,1398,152900,1398
2017-02-13,1362,1412,1355,1397,332200,1397
2017-02-10,1341,1353,1322,1351,120800,1351
2017-02-09,1344,1354,1314,1324,130900,1324
2017-02-08,1315,1347,1315,1340,88900,1340
2017-02-07,1324,1344,1311,1313,157400,1313
2017-02-06,1265,1312,1265,1310,105200,1310
2017-02-03,1279,1284,1263,1271,93100,1271
2017-02-02,1295,1300,1274,1278,110500,1278
2017-02-01,1287,1289,1255,1284,139400,1284
2017-01-31,1300,1307,1288,1295,64900,1295
2017-01-30,1303,1316,1290,1311,78200,1311
2017-01-27,1318,1318,1286,1304,109000,1304
2017-01-26,1283,1312,1283,1293,145100,1293
2017-01-25,1275,1283,1263,1274,108000,1274
2017-01-24,1240,1259,1235,1257,84500,1257
2017-01-23,1268,1271,1235,1239,121100,1239
2017-01-20,1252,1268,1245,1260,73200,1260
2017-01-19,1270,1270,1240,1252,83100,1252
2017-01-18,1254,1261,1238,1252,92900,1252
2017-01-17,1292,1295,1250,1267,81100,1267
2017-01-16,1313,1322,1277,1283,108600,1283
2017-01-13,1310,1335,1303,1328,69100,1328
2017-01-12,1371,1371,1312,1325,164700,1325
2017-01-11,1412,1429,1377,1382,193100,1382
2017-01-10,1365,1410,1365,1408,245500,1408
2017-01-06,1328,1355,1318,1349,117400,1349
2017-01-05,1350,1359,1334,1343,111800,1343
2017-01-04,1285,1342,1282,1341,256800,1341
2016-12-30,1270,1270,1236,1259,115900,1259
2016-12-29,1311,1312,1275,1281,88400,1281
2016-12-28,1265,1318,1264,1311,153500,1311
2016-12-27,1236,1268,1231,1261,148400,1261
2016-12-26,1216,1244,1208,1235,76500,1235
2016-12-22,1233,1235,1204,1216,100000,1216
2016-12-21,1263,1263,1234,1237,98200,1237
2016-12-20,1257,1269,1254,1265,58000,1265
2016-12-19,1277,1281,1257,1265,78200,1265
2016-12-16,1280,1291,1262,1281,105400,1281
2016-12-15,1262,1278,1237,1275,134300,1275
2016-12-14,1272,1280,1250,1262,99000,1262
2016-12-13,1236,1278,1226,1276,100200,1276
2016-12-12,1227,1247,1223,1238,105500,1238
2016-12-09,1196,1218,1195,1218,118800,1218
2016-12-08,1222,1234,1198,1204,167000,1204
2016-12-07,1234,1240,1204,1217,99300,1217
2016-12-06,1249,1264,1231,1234,75400,1234
2016-12-05,1250,1269,1235,1254,60400,1254
2016-12-02,1283,1283,1244,1266,132000,1266
2016-12-01,1315,1315,1284,1291,107800,1291
2016-11-30,1320,1320,1290,1309,82400,1309
2016-11-29,1340,1341,1313,1321,111900,1321
2016-11-28,1332,1365,1316,1358,172100,1358
2016-11-25,1290,1319,1287,1317,162300,1317
2016-11-24,1272,1278,1265,1268,47900,1268
2016-11-22,1266,1267,1241,1262,113000,1262
2016-11-21,1270,1289,1260,1273,67900,1273
2016-11-18,1295,1295,1267,1279,66000,1279
2016-11-17,1286,1303,1263,1282,108500,1282
2016-11-16,1236,1285,1223,1285,131800,1285
2016-11-15,1200,1225,1172,1220,141800,1220
2016-11-14,1236,1258,1184,1187,295000,1187
2016-11-11,1320,1329,1266,1280,109700,1280
2016-11-10,1298,1330,1290,1324,127700,1324
2016-11-09,1327,1335,1200,1240,177700,1240
2016-11-08,1360,1360,1325,1330,44600,1330
2016-11-07,1326,1359,1322,1340,64700,1340
2016-11-04,1390,1390,1312,1326,159100,1326
2016-11-02,1446,1446,1380,1387,133900,1387
2016-11-01,1490,1499,1475,1484,111100,1484
2016-10-31,1450,1483,1443,1481,103700,1481
2016-10-28,1415,1455,1410,1440,117900,1440
2016-10-27,1420,1423,1405,1415,38800,1415
2016-10-26,1386,1410,1386,1404,48700,1404
2016-10-25,1410,1414,1380,1386,106400,1386
2016-10-24,1463,1472,1407,1421,91400,1421
2016-10-21,1430,1462,1416,1445,115800,1445
2016-10-20,1386,1428,1382,1425,55400,1425
2016-10-19,1372,1395,1370,1392,47300,1392
2016-10-18,1389,1400,1376,1388,60200,1388
2016-10-17,1394,1409,1369,1406,60500,1406
2016-10-14,1420,1424,1394,1400,36100,1400
2016-10-13,1407,1433,1396,1426,53500,1426
2016-10-12,1407,1428,1390,1395,54400,1395
2016-10-11,1449,1449,1415,1422,54700,1422
2016-10-07,1468,1468,1430,1447,61200,1447
2016-10-06,1498,1498,1447,1459,98500,1459
2016-10-05,1511,1511,1478,1485,91800,1485
2016-10-04,1478,1518,1474,1512,128700,1512
2016-10-03,1473,1492,1457,1474,83100,1474
2016-09-30,1475,1495,1452,1461,74900,1461
2016-09-29,1497,1514,1469,1501,121400,1501
2016-09-28,1490,1498,1466,1476,98700,1476
2016-09-27,1502,1514,1441,1470,220800,1470
2016-09-26,1414,1522,1397,1511,295400,1511
2016-09-23,1440,1460,1401,1409,171400,1409
2016-09-21,1322,1414,1321,1410,194700,1410
2016-09-20,1245,1320,1237,1311,126500,1311
2016-09-16,1255,1267,1235,1252,210500,1252
2016-09-15,1261,1280,1243,1255,67700,1255
2016-09-14,1250,1304,1250,1280,81000,1280
2016-09-13,1265,1265,1245,1259,41900,1259
2016-09-12,1268,1280,1233,1236,92000,1236
2016-09-09,1290,1303,1280,1287,64700,1287
2016-09-08,1329,1350,1281,1287,120700,1287
2016-09-07,1300,1333,1293,1329,106100,1329
2016-09-06,1262,1314,1260,1309,86800,1309
2016-09-05,1270,1283,1260,1262,62400,1262
2016-09-02,1270,1300,1238,1260,89800,1260
2016-09-01,1234,1280,1222,1273,161100,1273
2016-08-31,1239,1245,1210,1236,83700,1236
2016-08-30,1233,1257,1222,1237,89600,1237
2016-08-29,1263,1280,1225,1253,98500,1253
2016-08-26,1259,1266,1222,1248,125400,1248
2016-08-25,1315,1326,1251,1256,154000,1256
2016-08-24,1332,1359,1320,1329,82000,1329
2016-08-23,1270,1368,1270,1335,158100,1335
2016-08-22,1280,1298,1258,1278,180600,1278
2016-08-19,1340,1345,1283,1308,162500,1308
2016-08-18,1383,1393,1341,1344,173200,1344
2016-08-17,1430,1453,1395,1405,131100,1405
2016-08-16,1503,1522,1451,1456,91300,1456
2016-08-15,1531,1545,1473,1509,111600,1509
2016-08-12,1457,1548,1456,1529,214500,1529
2016-08-10,1438,1490,1438,1487,130300,1487
2016-08-09,1382,1428,1365,1423,120100,1423
2016-08-08,1395,1395,1333,1383,193500,1383
2016-08-05,1424,1458,1400,1411,127600,1411
2016-08-04,1471,1484,1423,1435,138000,1435
2016-08-03,1503,1512,1468,1471,114000,1471
2016-08-02,1522,1546,1522,1531,79100,1531
2016-08-01,1560,1560,1511,1522,161200,1522
2016-07-29,1450,1550,1423,1548,195800,1548
2016-07-28,1507,1519,1450,1454,162600,1454
2016-07-27,1515,1530,1490,1527,116200,1527
2016-07-26,1515,1555,1492,1505,111300,1505
2016-07-25,1530,1564,1510,1537,133000,1537
2016-07-22,1510,1558,1476,1516,106700,1516
2016-07-21,1619,1639,1506,1530,246000,1530
2016-07-20,1471,1610,1462,1585,337300,1585
2016-07-19,1425,1473,1412,1473,255900,1473
2016-07-15,1495,1508,1402,1417,194000,1417
2016-07-14,1525,1565,1494,1514,108800,1514
2016-07-13,1590,1590,1511,1524,140600,1524
2016-07-12,1577,1591,1544,1551,104900,1551
2016-07-11,1526,1548,1499,1540,127200,1540
2016-07-08,1508,1545,1478,1489,108600,1489
2016-07-07,1578,1591,1509,1519,162600,1519
2016-07-06,1599,1601,1530,1578,148300,1578
2016-07-05,1682,1682,1620,1630,77300,1630
2016-07-04,1640,1694,1632,1662,118400,1662
2016-07-01,1610,1675,1601,1658,204700,1658
2016-06-30,1738,1755,1588,1601,357100,1601
2016-06-29,1670,1735,1670,1729,166900,1729
2016-06-28,1580,1658,1560,1643,166400,1643
2016-06-27,1578,1707,1578,1642,194700,1642
2016-06-24,1800,1802,1480,1593,413400,1593
2016-06-23,1678,1745,1661,1731,178500,1731
2016-06-22,1746,1754,1684,1705,135100,1705
2016-06-21,1756,1802,1726,1766,132300,1766
2016-06-20,1755,1776,1733,1761,155800,1761
2016-06-17,1788,1815,1694,1715,179900,1715
2016-06-16,1850,1873,1726,1748,219400,1748
2016-06-15,1790,1914,1780,1880,247600,1880
2016-06-14,2009,2013,1800,1832,578100,1832
2016-06-13,2130,2135,2044,2049,204400,2049
2016-06-10,2218,2218,2175,2180,169100,2180
2016-06-09,2194,2216,2161,2207,206600,2207
2016-06-08,2181,2224,2161,2202,162100,2202
2016-06-07,2222,2235,2167,2181,119300,2181
2016-06-06,2190,2227,2161,2198,161700,2198
2016-06-03,2161,2237,2149,2236,160300,2236
2016-06-02,2165,2224,2129,2186,212000,2186
2016-06-01,2255,2261,2180,2197,214800,2197
2016-05-31,2244,2309,2208,2280,481700,2280
2016-05-30,2100,2300,2090,2216,490800,2216
2016-05-27,2027,2124,2000,2083,376700,2083
2016-05-26,1987,2000,1890,1988,227200,1988
2016-05-25,2046,2059,1990,1997,193100,1997
2016-05-24,2040,2056,1988,2046,161800,2046
2016-05-23,2045,2083,2013,2043,203000,2043
2016-05-20,2003,2087,2003,2053,252800,2053
2016-05-19,1915,2045,1901,2002,404300,2002
2016-05-18,2008,2025,1839,1876,592300,1876
2016-05-17,2070,2111,2008,2026,387700,2026
2016-05-16,2135,2218,1961,2114,774900,2114
2016-05-13,2400,2415,2241,2335,500100,2335
2016-05-12,2351,2394,2315,2377,378900,2377
2016-05-11,2275,2343,2253,2342,408600,2342
2016-05-10,2270,2280,2226,2251,239300,2251
2016-05-09,2196,2260,2186,2255,243100,2255
2016-05-06,2220,2222,2112,2173,213200,2173
2016-05-02,2150,2244,2147,2216,215500,2216
2016-04-28,2220,2257,2106,2234,421100,2234
2016-04-27,2082,2207,2082,2199,232700,2199
2016-04-26,2178,2254,2050,2095,409200,2095
2016-04-25,2141,2260,2116,2201,430500,2201
2016-04-22,2130,2130,2034,2115,189000,2115
2016-04-21,2148,2168,2100,2133,218100,2133
2016-04-20,2080,2146,2054,2114,451600,2114
2016-04-19,1988,2074,1973,2070,360600,2070
2016-04-18,1913,1987,1905,1957,175400,1957
2016-04-15,1953,1996,1940,1961,155800,1961
2016-04-14,2030,2032,1965,1989,259100,1989
2016-04-13,1995,2021,1940,1981,298600,1981
2016-04-12,2000,2118,1969,1981,699100,1981
2016-04-11,1898,1937,1865,1934,206300,1934
2016-04-08,1826,1929,1815,1907,169700,1907
2016-04-07,1855,1939,1821,1870,272100,1870
2016-04-06,1890,1907,1787,1842,334900,1842
2016-04-05,2025,2065,1908,1930,372400,1930
2016-04-04,1961,2040,1875,2008,345600,2008
2016-04-01,2030,2050,1953,1978,354800,1978
2016-03-31,1954,2074,1935,2012,641100,2012
2016-03-30,1900,1999,1877,1925,352400,1925
2016-03-29,1827,1907,1827,1900,144000,1900
2016-03-28,1879,1897,1809,1852,189200,1852
2016-03-25,1927,1990,1833,1845,402400,1845
2016-03-24,1793,1925,1775,1917,418700,1917
2016-03-23,1792,1805,1764,1783,94100,1783
2016-03-22,1776,1823,1756,1809,161000,1809
2016-03-18,1797,1797,1732,1775,157300,1775
2016-03-17,1846,1873,1781,1815,221200,1815
2016-03-16,1790,1837,1782,1806,154300,1806
2016-03-15,1765,1839,1755,1796,208200,1796
2016-03-14,1775,1798,1742,1754,121100,1754
2016-03-11,1732,1780,1700,1737,136100,1737
2016-03-10,1710,1789,1702,1751,155000,1751
2016-03-09,1696,1710,1644,1684,187700,1684
2016-03-08,1782,1789,1680,1728,197500,1728
2016-03-07,1781,1820,1773,1782,132100,1782
2016-03-04,1810,1841,1786,1798,155100,1798
2016-03-03,1787,1849,1750,1805,260700,1805
2016-03-02,1910,1916,1785,1810,555200,1810
2016-03-01,1670,1844,1670,1840,655600,1840
2016-02-29,1568,1764,1545,1654,871000,1654
2016-02-26,1604,1604,1520,1543,146500,1543
2016-02-25,1577,1608,1560,1569,244600,1569
2016-02-24,1494,1555,1478,1547,145300,1547
2016-02-23,1586,1609,1495,1531,203000,1531
2016-02-22,1477,1574,1472,1552,165700,1552
2016-02-19,1535,1535,1456,1516,269100,1516
2016-02-18,1586,1629,1536,1544,241200,1544
2016-02-17,1506,1608,1506,1528,280900,1528
2016-02-16,1521,1610,1504,1524,426000,1524
2016-02-15,1590,1590,1433,1494,413100,1494
2016-02-12,1492,1512,1330,1333,508400,1333
2016-02-10,1603,1669,1511,1652,337100,1652
2016-02-09,1717,1729,1550,1591,581200,1591
2016-02-08,1691,1850,1683,1837,199500,1837
2016-02-05,1768,1811,1660,1771,390400,1771
2016-02-04,1956,1960,1842,1852,236700,1852
2016-02-03,1880,1985,1840,1958,360900,1958
2016-02-02,2080,2084,1940,1971,562700,1971
2016-02-01,1847,2080,1780,2020,1579800,2020
2016-01-29,1710,1729,1582,1687,390500,1687
2016-01-28,1598,1694,1578,1654,241100,1654
2016-01-27,1690,1741,1583,1622,432200,1622
2016-01-26,1599,1653,1555,1622,277300,1622
2016-01-25,1560,1712,1540,1617,776900,1617
2016-01-22,1377,1514,1301,1492,384700,1492
2016-01-21,1273,1357,1222,1227,247900,1227
2016-01-20,1375,1435,1292,1303,204300,1303
2016-01-19,1341,1404,1305,1358,145600,1358
2016-01-18,1279,1392,1265,1379,256300,1379
2016-01-15,1420,1439,1368,1372,152800,1372
2016-01-14,1418,1435,1329,1380,294400,1380
2016-01-13,1470,1527,1457,1509,194600,1509
2016-01-12,1530,1565,1390,1443,413000,1443
2016-01-08,1600,1614,1530,1553,273400,1553
2016-01-07,1600,1688,1592,1632,200400,1632
2016-01-06,1642,1738,1590,1614,327700,1614
2016-01-05,1735,1739,1648,1650,325400,1650
2016-01-04,1720,1861,1683,1744,464800,1744
2015-12-30,1663,1770,1613,1759,574300,1759
2015-12-29,1745,1745,1622,1679,522400,1679
2015-12-28,1785,1865,1691,1760,407300,1760
2015-12-25,3615,3890,3330,3730,419800,1865
2015-12-24,4400,4445,3530,3670,728100,1835
2015-12-22,4050,4275,4000,4225,533200,2112.5
2015-12-21,3780,3945,3760,3940,345800,1970
2015-12-18,3680,3830,3600,3710,251200,1855
2015-12-17,3490,3670,3450,3620,219300,1810
2015-12-16,3600,3610,3390,3440,176400,1720
2015-12-15,3595,3750,3300,3450,364700,1725
2015-12-14,3300,3535,3220,3505,294500,1752.5
2015-12-11,3350,3630,3155,3255,437700,1627.5
2015-12-10,2902,3265,2892,3210,386100,1605
2015-12-09,2890,2954,2890,2928,102400,1464
2015-12-08,2934,2998,2895,2933,151700,1466.5
2015-12-07,2930,3035,2881,2930,216400,1465
2015-12-04,2841,2947,2811,2943,245400,1471.5
2015-12-03,2987,3175,2850,2878,507500,1439
2015-12-02,2980,3050,2865,2937,463000,1468.5
2015-12-01,2867,2982,2730,2933,998000,1466.5
2015-11-30,2382,2515,2311,2482,277300,1241
2015-11-27,2350,2493,2282,2332,332400,1166
2015-11-26,2462,2743,2410,2430,743900,1215
2015-11-25,2289,2465,2250,2438,355200,1219
2015-11-24,2100,2289,2100,2273,335000,1136.5
2015-11-20,1990,2090,1982,2053,179300,1026.5
2015-11-19,1973,2047,1948,1955,133000,977.5
2015-11-18,1882,1960,1850,1955,116700,977.5
2015-11-17,1871,1890,1801,1864,81300,932
2015-11-16,1761,1875,1754,1853,95900,926.5
2015-11-13,1682,1883,1670,1797,181100,898.5
2015-11-12,1747,1757,1698,1710,53300,855
2015-11-11,1725,1782,1724,1733,73600,866.5
2015-11-10,1742,1745,1699,1725,59300,862.5
2015-11-09,1732,1768,1722,1741,76800,870.5
2015-11-06,1645,1700,1641,1695,32800,847.5
2015-11-05,1720,1720,1654,1663,41000,831.5
2015-11-04,1720,1733,1687,1709,85900,854.5
2015-11-02,1651,1710,1619,1687,139500,843.5
2015-10-30,1574,1577,1547,1562,20900,781
2015-10-29,1533,1569,1518,1555,61100,777.5
2015-10-28,1535,1535,1495,1516,21900,758
2015-10-27,1519,1550,1516,1520,23300,760
2015-10-26,1559,1559,1518,1521,21400,760.5
2015-10-23,1535,1545,1514,1532,27000,766
2015-10-22,1515,1530,1512,1528,19200,764
2015-10-21,1538,1561,1508,1534,40100,767
2015-10-20,1583,1625,1552,1567,23200,783.5
2015-10-19,1571,1594,1554,1583,23500,791.5
2015-10-16,1620,1620,1558,1573,42500,786.5
2015-10-15,1603,1620,1582,1610,25400,805
2015-10-14,1616,1645,1574,1623,44500,811.5
2015-10-13,1626,1643,1602,1642,42700,821
2015-10-09,1525,1595,1480,1595,74700,797.5
2015-10-08,1550,1552,1522,1528,37000,764
2015-10-07,1581,1598,1553,1564,31600,782
2015-10-06,1630,1630,1601,1602,34200,801
2015-10-05,1610,1643,1582,1626,31000,813
2015-10-02,1578,1620,1561,1570,41600,785
2015-10-01,1700,1700,1575,1576,110600,788
2015-09-30,1642,1710,1642,1676,41700,838
2015-09-29,1674,1727,1609,1631,80500,815.5
2015-09-28,1700,1769,1654,1715,96500,857.5
2015-09-25,1630,1675,1583,1627,69700,813.5
2015-09-24,1570,1626,1561,1612,65400,806
2015-09-18,1520,1594,1516,1573,42300,786.5
2015-09-17,1560,1564,1498,1548,68700,774
2015-09-16,1573,1619,1541,1564,106400,782
2015-09-15,1499,1569,1476,1550,114800,775
2015-09-14,1500,1510,1451,1463,60300,731.5
2015-09-11,1339,1445,1339,1435,39700,717.5
2015-09-10,1331,1360,1331,1355,16700,677.5
2015-09-09,1350,1367,1322,1362,30000,681
2015-09-08,1330,1337,1283,1294,27700,647
2015-09-07,1325,1368,1300,1337,26400,668.5
2015-09-04,1410,1417,1331,1359,39300,679.5
2015-09-03,1461,1482,1401,1410,37600,705
2015-09-02,1378,1492,1374,1437,52400,718.5
2015-09-01,1484,1528,1439,1450,129800,725
2015-08-31,1427,1455,1408,1454,30600,727
2015-08-28,1428,1470,1395,1427,56000,713.5
2015-08-27,1396,1439,1369,1374,54000,687
2015-08-26,1243,1348,1241,1343,50300,671.5
2015-08-25,1216,1343,1205,1247,114300,623.5
2015-08-24,1380,1430,1286,1306,128000,653
2015-08-21,1431,1500,1431,1471,67100,735.5
2015-08-20,1489,1560,1463,1520,123400,760
2015-08-19,1498,1498,1430,1489,43000,744.5
2015-08-18,1448,1505,1438,1494,68100,747
2015-08-17,1421,1448,1374,1438,37200,719
2015-08-14,1440,1440,1300,1402,141300,701
2015-08-13,1405,1454,1405,1454,93200,727
2015-08-12,1410,1410,1350,1394,73000,697
2015-08-11,1487,1488,1412,1424,48200,712
2015-08-10,1410,1436,1402,1435,56100,717.5
2015-08-07,1410,1410,1360,1391,45200,695.5
2015-08-06,1441,1451,1406,1411,54300,705.5
2015-08-05,1501,1501,1434,1440,32600,720
2015-08-04,1492,1499,1484,1492,19700,746
2015-08-03,1467,1523,1467,1514,41200,757
2015-07-31,1464,1465,1427,1456,30200,728
2015-07-30,1475,1514,1449,1455,52200,727.5
2015-07-29,1529,1531,1461,1473,52600,736.5
2015-07-28,1500,1551,1498,1524,61800,762
2015-07-27,1543,1573,1475,1562,104200,781
2015-07-24,1533,1550,1480,1549,114600,774.5
2015-07-23,1450,1506,1445,1500,128600,750
2015-07-22,1427,1440,1383,1435,53600,717.5
2015-07-21,1380,1400,1371,1397,60300,698.5
2015-07-17,1329,1342,1298,1339,26700,669.5
2015-07-16,1330,1330,1287,1322,30400,661
2015-07-15,1325,1343,1311,1316,26800,658
2015-07-14,1334,1345,1305,1328,30700,664
2015-07-13,1240,1296,1233,1286,27700,643
2015-07-10,1294,1295,1223,1233,44700,616.5
2015-07-09,1198,1270,1130,1264,90100,632
2015-07-08,1312,1328,1250,1261,50700,630.5
2015-07-07,1345,1374,1311,1316,57500,658
2015-07-06,1330,1361,1305,1315,71500,657.5
2015-07-03,1382,1382,1311,1336,81500,668
2015-07-02,1460,1471,1378,1380,106400,690
2015-07-01,1398,1459,1393,1458,130800,729
2015-06-30,1313,1385,1313,1372,105900,686
2015-06-29,1249,1350,1115,1297,176500,648.5
2015-06-26,1271,1289,1265,1279,40800,639.5
2015-06-25,1261,1276,1243,1261,41600,630.5
2015-06-24,1230,1290,1230,1276,95100,638
2015-06-23,1210,1225,1207,1223,37600,611.5
2015-06-22,1219,1225,1203,1207,23700,603.5
2015-06-19,1190,1215,1190,1210,26000,605
2015-06-18,1184,1199,1184,1190,22600,595
2015-06-17,1192,1201,1185,1188,19300,594
2015-06-16,1211,1225,1191,1191,24300,595.5
2015-06-15,1200,1209,1198,1207,30200,603.5
2015-06-12,1189,1211,1178,1196,40300,598
2015-06-11,1169,1195,1161,1193,19800,596.5
2015-06-10,1159,1192,1158,1174,21100,587
2015-06-09,1184,1202,1153,1167,24200,583.5
2015-06-08,1227,1230,1190,1193,38400,596.5
2015-06-05,1229,1229,1201,1217,63700,608.5
2015-06-04,1151,1227,1151,1213,113200,606.5
2015-06-03,1112,1153,1112,1149,40300,574.5
2015-06-02,1116,1125,1098,1112,35200,556
2015-06-01,1094,1121,1087,1116,46100,558
2015-05-29,1074,1108,1071,1076,48700,538
2015-05-28,1083,1083,1066,1066,18100,533
2015-05-27,1099,1101,1080,1083,29800,541.5
2015-05-26,1119,1125,1090,1116,33900,558
2015-05-25,1160,1161,1115,1119,28300,559.5
2015-05-22,1129,1146,1112,1137,21600,568.5
2015-05-21,1160,1161,1115,1123,42900,561.5
2015-05-20,1155,1175,1137,1153,68500,576.5
2015-05-19,1144,1149,1090,1121,79900,560.5
2015-05-18,1035,1319,1035,1156,227200,578
2015-05-15,1023,1023,1015,1019,10400,509.5
2015-05-14,1030,1033,1010,1012,18300,506
2015-05-13,1006,1025,1006,1024,12400,512
2015-05-12,1005,1018,1005,1012,8400,506
2015-05-11,1016,1018,1010,1012,13700,506
2015-05-08,1015,1015,998,1011,12700,505.5
2015-05-07,998,1025,998,1002,29900,501
2015-05-01,1011,1019,1002,1010,30700,505
2015-04-30,1035,1035,1014,1019,21100,509.5
2015-04-28,1010,1031,1009,1026,26500,513
2015-04-27,1007,1021,1006,1008,23600,504
2015-04-24,1015,1015,1004,1008,16100,504
2015-04-23,1016,1016,1000,1003,12000,501.5
2015-04-22,1008,1017,998,1005,12300,502.5
2015-04-21,1001,1005,998,1005,5800,502.5
2015-04-20,1015,1015,998,1001,14800,500.5
2015-04-17,1015,1015,1000,1003,10000,501.5
2015-04-16,1015,1024,1011,1015,8400,507.5
2015-04-15,1001,1020,1000,1014,8400,507
2015-04-14,1000,1010,1000,1005,15600,502.5
2015-04-13,1003,1010,999,1005,6200,502.5
2015-04-10,1010,1022,977,1001,20000,500.5
2015-04-09,1024,1024,1000,1004,11500,502
2015-04-08,1028,1034,1002,1014,18900,507
2015-04-07,1034,1035,1020,1024,16100,512
2015-04-06,1013,1029,1013,1024,15700,512
2015-04-03,1015,1025,1006,1012,12700,506
2015-04-02,982,1018,982,1000,19900,500
2015-04-01,977,990,973,982,14400,491
2015-03-31,994,995,977,990,7800,495
2015-03-30,972,994,972,979,11200,489.5
2015-03-27,1000,1000,962,983,18700,491.5
2015-03-26,1010,1017,988,1002,20000,501
2015-03-25,1035,1035,1012,1015,16600,507.5
2015-03-24,1045,1045,1015,1018,26000,509
2015-03-23,1003,1049,992,1034,43300,517
2015-03-20,995,996,989,992,11600,496
2015-03-19,1002,1002,989,996,15500,498
2015-03-18,1014,1014,996,1002,16600,501
2015-03-17,1000,1013,1000,1006,29300,503
2015-03-16,975,997,975,997,25400,498.5
2015-03-13,980,980,971,975,21000,487.5
2015-03-12,976,977,964,972,11400,486
2015-03-11,965,972,961,970,8900,485
2015-03-10,979,979,962,965,6300,482.5
2015-03-09,978,978,964,969,8700,484.5
2015-03-06,970,978,961,978,16300,489
2015-03-05,969,977,966,974,4900,487
2015-03-04,960,982,960,977,11900,488.5
2015-03-03,982,982,956,974,20700,487
2015-03-02,974,984,968,982,12700,491
2015-02-27,974,978,967,974,24100,487
2015-02-26,970,988,970,985,15200,492.5
2015-02-25,980,995,961,979,42200,489.5
2015-02-24,971,980,970,975,30300,487.5
2015-02-23,950,967,945,967,31300,483.5
2015-02-20,941,950,940,947,23100,473.5
2015-02-19,946,947,940,943,23700,471.5
2015-02-18,945,945,939,943,12100,471.5
2015-02-17,946,946,930,933,14000,466.5
2015-02-16,922,936,922,936,12900,468
2015-02-13,920,925,906,918,26400,459
2015-02-12,929,935,925,928,14700,464
2015-02-10,923,929,922,924,10900,462
2015-02-09,919,921,913,921,12400,460.5
2015-02-06,907,910,903,905,9800,452.5
2015-02-05,905,910,903,909,8900,454.5
2015-02-04,910,913,904,909,11200,454.5
2015-02-03,901,913,899,899,13000,449.5
2015-02-02,900,909,900,905,14200,452.5
2015-01-30,903,903,894,898,13300,449
2015-01-29,907,907,895,895,18900,447.5
2015-01-28,905,912,900,907,15300,453.5
2015-01-27,902,911,897,906,18400,453
2015-01-26,894,907,890,896,16000,448
2015-01-23,915,915,906,913,5600,456.5
2015-01-22,906,912,899,905,8400,452.5
2015-01-21,902,921,901,908,11000,454
2015-01-20,915,915,903,905,6500,452.5
2015-01-19,920,920,904,907,4400,453.5
2015-01-16,911,911,890,907,15300,453.5
2015-01-15,910,919,908,913,3900,456.5
2015-01-14,911,920,908,908,7200,454
2015-01-13,910,916,903,914,9200,457
2015-01-09,927,931,920,921,14700,460.5
2015-01-08,918,933,917,925,12900,462.5
2015-01-07,934,934,917,923,13500,461.5
2015-01-06,953,953,937,937,15500,468.5
2015-01-05,939,960,936,954,14700,477
2014-12-30,940,945,933,936,11000,468
2014-12-29,926,950,926,937,20000,468.5
2014-12-26,892,919,892,914,17200,457
2014-12-25,890,909,880,894,32000,447
2014-12-24,930,932,865,891,63700,445.5
2014-12-22,927,939,927,933,18000,466.5
2014-12-19,925,934,922,924,15900,462
2014-12-18,950,950,932,933,17200,466.5
2014-12-17,938,946,918,937,29800,468.5
2014-12-16,980,987,945,952,55700,476
2014-12-15,935,988,934,972,54900,486
2014-12-12,923,954,923,935,37100,467.5
2014-12-11,936,941,923,935,28700,467.5
2014-12-10,908,933,888,923,57800,461.5
2014-12-09,901,901,885,893,26800,446.5
2014-12-08,866,883,866,880,7300,440
2014-12-05,866,871,865,871,12100,435.5
2014-12-04,878,880,868,875,11500,437.5
2014-12-03,886,886,876,885,17500,442.5
2014-12-02,890,890,880,886,11700,443
2014-12-01,890,891,876,882,14100,441
2014-11-28,898,898,888,888,12700,444
2014-11-27,889,897,883,894,26800,447
2014-11-26,852,879,852,876,32800,438
2014-11-25,851,858,850,856,18900,428
2014-11-21,853,856,847,851,11300,425.5
2014-11-20,854,854,846,849,7200,424.5
2014-11-19,861,861,845,846,22600,423
2014-11-18,850,859,849,858,13100,429
2014-11-17,852,855,844,845,12200,422.5
2014-11-14,847,855,846,852,16600,426
2014-11-13,853,853,841,848,22000,424
2014-11-12,850,852,847,849,16700,424.5
2014-11-11,855,855,840,845,26900,422.5
2014-11-10,851,856,840,851,12500,425.5
2014-11-07,855,860,851,852,11500,426
2014-11-06,860,860,849,853,20900,426.5
2014-11-05,835,860,830,859,23900,429.5
2014-11-04,878,879,842,843,73500,421.5
2014-10-31,880,880,850,873,40900,436.5
2014-10-30,860,873,845,870,42800,435
2014-10-29,846,851,839,849,12300,424.5
2014-10-28,841,847,838,841,11100,420.5
2014-10-27,850,850,839,842,11500,421
2014-10-24,850,856,825,835,57400,417.5
2014-10-23,873,873,862,863,7400,431.5
2014-10-22,886,892,862,873,34900,436.5
2014-10-21,886,890,885,886,8900,443
2014-10-20,888,892,884,890,7300,445
2014-10-17,900,900,880,880,9500,440
2014-10-16,900,906,892,895,16200,447.5
2014-10-15,917,917,902,908,10800,454
2014-10-14,889,928,887,917,21000,458.5
2014-10-10,900,905,880,896,19200,448
2014-10-09,921,928,901,904,27100,452
2014-10-08,915,937,913,921,19900,460.5
2014-10-07,940,945,934,940,10500,470
2014-10-06,940,951,940,941,12700,470.5
2014-10-03,940,948,927,943,14600,471.5
2014-10-02,980,980,931,934,39700,467
2014-10-01,969,1000,964,980,32300,490
2014-09-30,960,1020,952,978,91500,489
2014-09-29,950,958,948,958,14000,479
2014-09-26,948,954,935,945,10800,472.5
2014-09-25,947,950,936,948,24400,474
2014-09-24,937,954,937,950,11100,475
2014-09-22,939,950,939,949,4600,474.5
2014-09-19,940,950,934,943,11500,471.5
2014-09-18,945,947,940,946,11900,473
2014-09-17,950,950,930,939,11200,469.5
2014-09-16,928,946,928,941,13500,470.5
2014-09-12,940,946,925,927,41700,463.5
2014-09-11,944,949,940,943,15500,471.5
2014-09-10,940,956,940,945,14300,472.5
2014-09-09,972,975,941,944,19500,472
2014-09-08,945,965,943,965,17400,482.5
2014-09-05,944,944,940,941,8500,470.5
2014-09-04,940,947,940,944,8100,472
2014-09-03,950,951,940,944,16700,472
2014-09-02,943,954,943,950,5500,475
2014-09-01,940,954,940,944,12100,472
2014-08-29,950,956,940,940,30800,470
2014-08-28,940,950,939,948,8700,474
2014-08-27,935,950,935,939,9100,469.5
2014-08-26,935,942,935,936,5800,468
2014-08-25,940,940,930,935,4800,467.5
2014-08-22,935,936,924,930,17200,465
2014-08-21,940,944,930,939,18100,469.5
2014-08-20,955,955,941,945,6100,472.5
2014-08-19,955,960,930,936,29300,468
2014-08-18,936,953,930,946,11600,473
2014-08-15,958,958,932,936,6400,468
2014-08-14,935,935,917,928,19000,464
2014-08-13,907,942,905,942,14600,471
2014-08-12,925,936,902,911,34500,455.5
2014-08-11,930,948,913,924,29400,462
2014-08-08,950,951,930,934,20100,467
2014-08-07,960,960,931,937,6800,468.5
2014-08-06,941,948,935,940,15000,470
2014-08-05,945,952,944,944,12000,472
2014-08-04,950,956,944,949,33500,474.5
2014-08-01,956,968,952,960,23300,480
2014-07-31,999,999,965,971,16900,485.5
2014-07-30,992,994,980,985,12100,492.5
2014-07-29,1024,1024,988,992,28900,496
2014-07-28,1022,1024,1019,1022,36200,511
2014-07-25,1018,1022,1016,1019,42800,509.5
2014-07-24,999,1018,997,1016,54400,508
2014-07-23,989,998,985,998,36100,499
2014-07-22,989,989,965,983,17700,491.5
2014-07-18,956,968,956,960,12600,480
2014-07-17,990,990,973,973,14100,486.5
2014-07-16,970,987,967,980,15400,490
2014-07-15,970,972,961,969,7700,484.5
2014-07-14,955,963,955,959,7900,479.5
2014-07-11,970,970,950,958,12200,479
2014-07-10,980,980,970,970,10700,485
2014-07-09,985,995,970,973,27100,486.5
2014-07-08,999,999,981,985,13800,492.5
2014-07-07,1027,1027,988,999,30600,499.5
2014-07-04,970,1019,966,1011,102300,505.5
2014-07-03,973,973,965,966,3400,483
2014-07-02,968,979,959,973,20400,486.5
2014-07-01,975,980,966,968,11400,484
2014-06-30,978,980,954,975,13900,487.5
2014-06-27,970,970,935,950,21400,475
2014-06-26,981,984,956,965,11100,482.5
2014-06-25,985,985,961,966,12100,483
2014-06-24,975,987,963,980,34900,490
2014-06-23,940,958,940,952,19300,476
2014-06-20,946,949,935,940,11900,470
2014-06-19,968,968,935,937,36900,468.5
2014-06-18,994,994,952,953,31900,476.5
2014-06-17,977,988,974,979,12700,489.5
2014-06-16,996,1007,966,983,39400,491.5
2014-06-13,933,1012,925,995,101100,497.5
2014-06-12,910,935,910,927,10600,463.5
2014-06-11,923,926,907,922,33800,461
2014-06-10,942,944,925,937,21800,468.5
2014-06-09,930,942,930,938,13000,469
2014-06-06,917,935,917,926,14000,463
2014-06-05,942,946,913,917,46100,458.5
2014-06-04,974,989,937,939,60400,469.5
2014-06-03,1029,1030,983,989,48200,494.5
2014-06-02,1053,1053,983,999,207400,499.5
2014-05-30,881,906,869,903,45000,451.5
2014-05-29,878,879,858,866,5700,433
2014-05-28,880,880,860,860,8400,430
2014-05-27,860,884,860,868,8600,434
2014-05-26,833,860,833,860,5500,430
2014-05-23,839,845,822,834,10500,417
2014-05-22,830,833,815,817,12600,408.5
2014-05-21,821,836,820,836,4900,418
2014-05-20,850,850,805,819,11900,409.5
2014-05-19,852,859,832,832,5000,416
2014-05-16,863,870,849,849,14400,424.5
2014-05-15,879,894,861,872,8900,436
2014-05-14,860,897,860,894,7600,447
2014-05-13,879,893,859,872,9800,436
2014-05-12,916,916,878,878,7400,439
2014-05-09,926,926,904,916,7500,458
2014-05-08,878,927,878,912,16400,456
2014-05-07,880,882,861,866,11700,433
2014-05-02,860,889,860,882,16600,441
2014-05-01,847,859,847,857,8500,428.5
2014-04-30,860,869,849,860,18100,430
2014-04-28,841,849,815,840,22000,420
2014-04-25,878,879,841,841,14200,420.5
2014-04-24,860,875,854,854,8200,427
2014-04-23,841,862,841,854,15200,427
2014-04-22,887,887,846,848,5300,424
2014-04-21,896,896,872,872,4200,436
2014-04-18,875,887,850,887,18300,443.5
2014-04-17,850,859,841,856,16700,428
2014-04-16,806,835,806,834,10200,417
2014-04-15,785,808,785,805,5500,402.5
2014-04-14,776,796,776,782,9200,391
2014-04-11,800,803,779,779,18200,389.5
2014-04-10,810,819,803,805,18800,402.5
2014-04-09,801,816,801,801,20500,400.5
2014-04-08,841,845,809,809,29500,404.5
2014-04-07,877,877,841,846,16900,423
2014-04-04,902,902,875,885,5600,442.5
2014-04-03,911,911,881,881,13100,440.5
2014-04-02,908,912,888,889,11800,444.5
2014-04-01,891,916,891,903,12100,451.5
2014-03-31,898,907,889,906,15400,453
2014-03-28,876,888,860,888,16400,444
2014-03-27,861,880,860,870,9400,435
2014-03-26,843,880,843,880,15100,440
2014-03-25,884,885,858,858,11000,429
2014-03-24,820,867,820,860,14700,430
2014-03-20,841,845,831,835,10200,417.5
2014-03-19,849,855,835,851,9600,425.5
2014-03-18,840,863,839,851,7200,425.5
2014-03-17,860,865,839,840,14500,420
2014-03-14,880,890,859,860,36400,430
2014-03-13,903,909,893,906,12700,453
2014-03-12,906,917,901,901,8600,450.5
2014-03-11,910,917,904,910,10300,455
2014-03-10,920,920,904,910,6400,455
2014-03-07,908,915,884,912,9900,456
2014-03-06,917,917,898,910,10500,455
2014-03-05,935,935,895,896,16700,448
2014-03-04,888,917,884,891,12500,445.5
2014-03-03,891,895,871,890,12400,445
2014-02-28,914,919,900,903,11600,451.5
2014-02-27,922,934,902,903,18100,451.5
2014-02-26,915,930,910,925,15800,462.5
2014-02-25,905,933,891,915,58000,457.5
2014-02-24,929,938,914,932,18100,466
2014-02-21,912,928,912,915,16400,457.5
2014-02-20,935,950,904,905,25000,452.5
2014-02-19,958,985,954,959,11100,479.5
2014-02-18,946,965,939,964,19600,482
2014-02-17,892,928,889,925,15900,462.5
2014-02-14,922,950,880,887,37400,443.5
2014-02-13,992,992,921,935,31900,467.5
2014-02-12,960,1005,960,977,22400,488.5
2014-02-10,937,944,916,940,12700,470
2014-02-07,910,933,910,910,10500,455
2014-02-06,903,910,885,900,42600,450
2014-02-05,960,960,885,902,30600,451
2014-02-04,894,906,852,881,59000,440.5
2014-02-03,1010,1011,972,984,38000,492
2014-01-31,1085,1113,1051,1066,21500,533
2014-01-30,1127,1127,1072,1074,30800,537
2014-01-29,1077,1117,1075,1112,21200,556
2014-01-28,1101,1129,1075,1075,26100,537.5
2014-01-27,1102,1126,1075,1112,20900,556
2014-01-24,1180,1180,1151,1151,17600,575.5
2014-01-23,1193,1212,1185,1189,27000,594.5
2014-01-22,1181,1190,1170,1190,22200,595
2014-01-21,1168,1185,1165,1181,18900,590.5
2014-01-20,1172,1179,1164,1171,12700,585.5
2014-01-17,1169,1170,1161,1166,10400,583
2014-01-16,1171,1180,1169,1170,12700,585
2014-01-15,1160,1178,1160,1169,8100,584.5
2014-01-14,1150,1169,1150,1158,12300,579
2014-01-10,1181,1184,1162,1172,19300,586
2014-01-09,1180,1180,1160,1170,9700,585
2014-01-08,1167,1172,1157,1165,17900,582.5
2014-01-07,1153,1168,1152,1154,7000,577
2014-01-06,1170,1170,1143,1167,11800,583.5
2013-12-30,1160,1177,1150,1170,23300,585
2013-12-27,1131,1170,1122,1166,22300,583
2013-12-26,1084,1125,1080,1120,27900,560
2013-12-25,1090,1101,1060,1088,44000,544
2013-12-24,1115,1116,1090,1102,63600,551
2013-12-20,1138,1138,1112,1116,14500,558
2013-12-19,1122,1129,1110,1123,21600,561.5
2013-12-18,1125,1132,1116,1121,12500,560.5
2013-12-17,1114,1134,1114,1127,13500,563.5
2013-12-16,1132,1140,1112,1114,20900,557
2013-12-13,1130,1145,1130,1140,19600,570
2013-12-12,1140,1145,1131,1142,20400,571
2013-12-11,1154,1155,1140,1142,15900,571
2013-12-10,1150,1151,1140,1148,12700,574
2013-12-09,1140,1152,1138,1145,18700,572.5
2013-12-06,1137,1146,1137,1138,11300,569
2013-12-05,1147,1159,1140,1144,20000,572
2013-12-04,1170,1170,1140,1147,11000,573.5
2013-12-03,1178,1178,1152,1158,11700,579
2013-12-02,1166,1170,1155,1165,24200,582.5
2013-11-29,1151,1155,1138,1142,14800,571
2013-11-28,1150,1152,1130,1132,42000,566
2013-11-27,1165,1167,1152,1154,24900,577
2013-11-26,1187,1187,1165,1170,17900,585
2013-11-25,1191,1191,1174,1189,12900,594.5
2013-11-22,1190,1200,1175,1199,29300,599.5
2013-11-21,1165,1220,1147,1187,39300,593.5
2013-11-20,1158,1176,1100,1147,136000,573.5
2013-11-19,1178,1185,1150,1169,24500,584.5
2013-11-18,1172,1185,1171,1172,12500,586
2013-11-15,1200,1200,1175,1184,33700,592
2013-11-14,1127,1192,1125,1190,39100,595
2013-11-13,1123,1140,1122,1123,11300,561.5
2013-11-12,1111,1150,1106,1142,23200,571
2013-11-11,1137,1161,1115,1119,23300,559.5
2013-11-08,1143,1153,1137,1149,24500,574.5
2013-11-07,1197,1197,1143,1144,42500,572
2013-11-06,1150,1185,1132,1172,48700,586
2013-11-05,1195,1206,1150,1154,51400,577
2013-11-01,1244,1270,1180,1208,52700,604
2013-10-31,1269,1275,1241,1274,36700,637
2013-10-30,1232,1260,1232,1239,51800,619.5
2013-10-29,1284,1284,1220,1230,106700,615
2013-10-28,1285,1312,1281,1299,46700,649.5
2013-10-25,1285,1350,1282,1330,42600,665
2013-10-24,1287,1293,1279,1279,28800,639.5
2013-10-23,1340,1349,1273,1287,36500,643.5
2013-10-22,1348,1348,1324,1335,6800,667.5
2013-10-21,1359,1359,1331,1338,11000,669
2013-10-18,1320,1335,1320,1322,12800,661
2013-10-17,1320,1334,1315,1320,8800,660
2013-10-16,1293,1320,1291,1305,14900,652.5
2013-10-15,1350,1367,1302,1313,23400,656.5
2013-10-11,1350,1370,1330,1338,25500,669
2013-10-10,1373,1388,1330,1342,31800,671
2013-10-09,1265,1345,1238,1345,51400,672.5
2013-10-08,1261,1262,1211,1235,26700,617.5
2013-10-07,1313,1313,1261,1269,42800,634.5
2013-10-04,1258,1277,1236,1260,16200,630
2013-10-03,1283,1320,1275,1278,17100,639
2013-10-02,1376,1409,1294,1305,51900,652.5
2013-10-01,1352,1450,1350,1397,96700,698.5
2013-09-30,1370,1370,1340,1365,53700,682.5
2013-09-27,1251,1344,1251,1344,54000,672
2013-09-26,1217,1245,1213,1243,15800,621.5
2013-09-25,1246,1250,1220,1227,23400,613.5
2013-09-24,1253,1269,1244,1247,13500,623.5
2013-09-20,1260,1267,1250,1267,12100,633.5
2013-09-19,1297,1297,1260,1266,17300,633
2013-09-18,1242,1283,1233,1272,41100,636
2013-09-17,1226,1256,1225,1232,14200,616
2013-09-13,1228,1247,1222,1232,13500,616
2013-09-12,1283,1283,1221,1238,14900,619
2013-09-11,1250,1289,1250,1268,16600,634
2013-09-10,1234,1250,1234,1246,20100,623
2013-09-09,1238,1269,1200,1214,20600,607
2013-09-06,1249,1249,1211,1227,14800,613.5
2013-09-05,1300,1300,1231,1237,14200,618.5
2013-09-04,1279,1310,1250,1257,42500,628.5
2013-09-03,1190,1290,1180,1282,49000,641
2013-09-02,1141,1190,1118,1163,16500,581.5
2013-08-30,1170,1186,1139,1142,22600,571
2013-08-29,1207,1207,1160,1180,11100,590
2013-08-28,1199,1199,1160,1195,19300,597.5
2013-08-27,1234,1242,1219,1221,12000,610.5
2013-08-26,1255,1273,1226,1237,7200,618.5
2013-08-23,1250,1281,1202,1247,24600,623.5
2013-08-22,1252,1253,1206,1238,16300,619
2013-08-21,1254,1254,1211,1236,12600,618
2013-08-20,1255,1266,1222,1224,15400,612
2013-08-19,1280,1280,1243,1255,11500,627.5
2013-08-16,1273,1273,1228,1232,13300,616
2013-08-15,1282,1290,1231,1243,20500,621.5
2013-08-14,1300,1335,1278,1305,59000,652.5
2013-08-13,1157,1293,1157,1292,58300,646
2013-08-12,1222,1227,1167,1167,34300,583.5
2013-08-09,1321,1321,1247,1247,16500,623.5
2013-08-08,1284,1310,1263,1284,34900,642
2013-08-07,1309,1340,1284,1301,42200,650.5
2013-08-06,1279,1370,1261,1369,80300,684.5
2013-08-05,1226,1289,1224,1269,56100,634.5
2013-08-02,1208,1233,1207,1224,26700,612
2013-08-01,1220,1220,1163,1208,69900,604
2013-07-31,1271,1271,1220,1220,51500,610
2013-07-30,1260,1320,1260,1280,99500,640
2013-07-29,1250,1296,1250,1266,200300,633
2013-07-26,1549,1550,1511,1521,65000,760.5
2013-07-25,1473,1528,1441,1528,86300,764
2013-07-24,1410,1468,1401,1453,39900,726.5
2013-07-23,1410,1433,1404,1405,28000,702.5
2013-07-22,1417,1430,1390,1414,26000,707
2013-07-19,1464,1470,1398,1424,57900,712
2013-07-18,1450,1475,1430,1463,44200,731.5
2013-07-17,1500,1500,1410,1447,51800,723.5
2013-07-16,1423,1492,1421,1466,57500,733
2013-07-12,1425,1429,1390,1402,26800,701
2013-07-11,1320,1425,1320,1408,53500,704
2013-07-10,1466,1485,1397,1410,57500,705
2013-07-09,1517,1530,1450,1485,60700,742.5
2013-07-08,1550,1565,1452,1459,75700,729.5
2013-07-05,1564,1564,1490,1521,54400,760.5
2013-07-04,1525,1598,1451,1493,144300,746.5
2013-07-03,1448,1549,1430,1540,117300,770
2013-07-02,1413,1420,1367,1420,95500,710
2013-07-01,1278,1341,1274,1336,61800,668
2013-06-28,1188,1250,1161,1250,86600,625
2013-06-27,1118,1159,1030,1157,102100,578.5
2013-06-26,1205,1206,1110,1117,94400,558.5
2013-06-25,1250,1260,1188,1206,103000,603
2013-06-24,1315,1317,1285,1288,29400,644
2013-06-21,1283,1291,1246,1285,46300,642.5
2013-06-20,1335,1362,1311,1332,49400,666
2013-06-19,1380,1430,1321,1340,44800,670
2013-06-18,1386,1404,1360,1372,40200,686
2013-06-17,1325,1393,1300,1375,32500,687.5
2013-06-14,1420,1420,1344,1352,50300,676
2013-06-13,1433,1455,1355,1375,60500,687.5
2013-06-12,1400,1434,1364,1432,55400,716
2013-06-11,1499,1543,1410,1435,81300,717.5
2013-06-10,1475,1500,1390,1446,98800,723
2013-06-07,1274,1335,1192,1265,173500,632.5
2013-06-06,1561,1561,1400,1424,136600,712
2013-06-05,1609,1750,1609,1616,86100,808
2013-06-04,1646,1700,1567,1604,82600,802
2013-06-03,1592,1720,1575,1631,100800,815.5
2013-05-31,1662,1723,1632,1642,55100,821
2013-05-30,1680,1733,1637,1660,91700,830
2013-05-29,1650,1789,1650,1740,123900,870
2013-05-28,1561,1708,1561,1645,90700,822.5
2013-05-27,1600,1716,1551,1631,131300,815.5
2013-05-24,1702,1789,1600,1683,140100,841.5
2013-05-23,1882,1930,1656,1702,162800,851
2013-05-22,1921,1949,1806,1888,116100,944
2013-05-21,2059,2060,1925,1951,116800,975.5
2013-05-20,1999,2110,1961,2039,134800,1019.5
2013-05-17,1920,1999,1838,1971,92900,985.5
2013-05-16,1948,1969,1717,1923,179000,961.5
2013-05-15,2109,2120,1913,1948,177000,974
2013-05-14,2080,2174,2055,2134,186300,1067
2013-05-13,2211,2234,1915,2026,242800,1013
2013-05-10,2219,2231,2100,2204,170200,1102
2013-05-09,2296,2340,2150,2232,198800,1116
2013-05-08,2351,2385,2180,2288,289500,1144
2013-05-07,2290,2390,2256,2327,310300,1163.5
2013-05-02,2200,2296,2160,2250,156200,1125
2013-05-01,2207,2342,2150,2242,553300,1121
2013-04-30,2040,2250,2005,2175,521600,1087.5
2013-04-26,1897,2053,1800,2053,493400,1026.5
2013-04-25,2000,2002,1850,1896,262700,948
2013-04-24,1912,2023,1880,1985,338100,992.5
2013-04-23,1887,1909,1825,1885,255700,942.5
2013-04-22,1679,2029,1679,1869,787000,934.5
2013-04-19,1659,1674,1627,1640,153400,820
2013-04-18,1615,1720,1585,1639,370100,819.5
2013-04-17,1541,1595,1541,1579,112000,789.5
2013-04-16,1539,1542,1500,1539,47500,769.5
2013-04-15,1545,1560,1530,1543,39600,771.5
2013-04-12,1572,1583,1511,1542,96800,771
2013-04-11,1539,1575,1538,1568,145800,784
2013-04-10,1520,1539,1506,1538,95400,769
2013-04-09,1500,1519,1450,1510,97800,755
2013-04-08,1445,1510,1427,1499,104600,749.5
2013-04-05,1440,1440,1401,1427,59600,713.5
2013-04-04,1377,1435,1371,1403,67600,701.5
2013-04-03,1430,1438,1398,1407,61300,703.5
2013-04-02,1230,1390,1190,1350,119500,675
2013-04-01,1477,1500,1300,1330,90300,665
2013-03-29,1494,1498,1453,1485,48100,742.5
2013-03-28,1535,1540,1471,1494,89000,747
2013-03-27,1496,1496,1456,1488,56800,744
2013-03-26,1457,1466,1430,1452,51600,726
2013-03-25,1450,1471,1429,1444,46100,722
2013-03-22,1492,1493,1461,1462,46700,731
2013-03-21,1479,1500,1461,1493,73800,746.5
2013-03-19,1500,1500,1459,1466,64900,733
2013-03-18,1500,1520,1482,1501,58400,750.5
2013-03-15,1523,1542,1507,1513,48900,756.5
2013-03-14,1481,1548,1481,1510,85100,755
2013-03-13,1470,1510,1455,1481,59700,740.5
2013-03-12,1505,1505,1401,1450,168700,725
2013-03-11,1589,1589,1467,1516,184800,758
2013-03-08,1618,1619,1525,1568,180100,784
2013-03-07,1572,1660,1531,1586,404800,793
2013-03-06,1497,1578,1477,1572,372500,786
2013-03-05,1529,1529,1451,1491,218700,745.5
2013-03-04,1550,1562,1460,1510,657100,755
2013-03-01,1350,1376,1340,1348,134700,674
2013-02-28,1368,1378,1306,1335,158500,667.5
2013-02-27,1298,1379,1290,1359,391100,679.5
2013-02-26,1230,1270,1220,1260,147700,630
2013-02-25,1220,1269,1200,1269,175800,634.5
2013-02-22,1196,1196,1168,1192,95400,596
2013-02-21,1170,1186,1150,1176,137800,588
2013-02-20,1079,1147,1060,1133,92000,566.5
2013-02-19,1045,1077,1040,1073,47700,536.5
2013-02-18,1080,1094,1042,1057,54900,528.5
2013-02-15,1073,1089,1006,1070,69000,535
2013-02-14,1012,1150,1012,1113,147300,556.5
2013-02-13,1039,1062,1023,1026,88400,513
2013-02-12,1090,1100,1004,1032,143000,516
2013-02-08,1170,1170,1072,1085,149900,542.5
2013-02-07,1180,1194,1167,1174,58600,587
2013-02-06,1196,1204,1170,1175,76300,587.5
2013-02-05,1201,1220,1178,1190,126800,595
2013-02-04,1220,1253,1218,1218,173400,609
2013-02-01,1180,1220,1160,1187,110100,593.5
2013-01-31,1208,1239,1180,1181,117000,590.5
2013-01-30,1224,1259,1151,1208,276200,604
2013-01-29,1280,1370,1249,1266,516400,633
2013-01-28,1319,1470,1304,1430,665600,715
2013-01-25,1294,1299,1246,1266,170400,633
2013-01-24,1291,1299,1260,1280,121000,640
2013-01-23,1300,1342,1246,1270,330700,635
2013-01-22,1365,1377,1247,1270,320000,635
2013-01-21,1220,1419,1192,1377,739400,688.5
2013-01-18,1100,1209,1071,1190,419800,595
2013-01-17,1023,1319,1019,1110,508500,555
2013-01-16,1036,1050,983,1019,205100,509.5
2013-01-15,978,1031,970,1020,264400,510
2013-01-11,960,981,940,968,135800,484
2013-01-10,981,1010,918,954,397400,477
2013-01-09,890,966,888,966,192900,483
2013-01-08,882,901,870,890,187500,445
2013-01-07,843,889,816,868,308100,434
2013-01-04,780,805,770,805,169800,402.5
2012-12-28,780,780,757,769,77000,384.5
2012-12-27,760,782,758,775,116900,387.5
2012-12-26,753,763,744,755,44200,377.5
2012-12-25,760,779,751,760,100900,380
2012-12-21,744,773,740,760,162500,380
2012-12-20,730,741,726,740,69500,370
2012-12-19,738,761,725,733,117500,366.5
2012-12-18,750,756,728,738,52300,369
2012-12-17,725,755,725,744,142400,372
2012-12-14,711,728,707,728,111600,364
2012-12-13,706,707,700,706,17200,353
2012-12-12,712,715,702,706,40600,353
2012-12-11,701,716,701,710,51300,355
2012-12-10,690,700,683,695,34400,347.5
2012-12-07,680,688,671,680,37000,340
2012-12-06,676,691,676,682,26900,341
2012-12-05,683,696,683,686,20400,343
2012-12-04,694,699,690,694,17700,347
2012-12-03,711,711,691,699,39900,349.5
2012-11-30,712,717,706,711,26300,355.5
2012-11-29,721,730,712,712,63300,356
2012-11-28,686,721,685,718,96200,359
2012-11-27,673,705,670,696,83500,348
2012-11-26,670,676,660,670,36800,335
2012-11-22,674,676,670,671,26400,335.5
2012-11-21,693,698,675,676,53200,338
2012-11-20,685,695,685,689,17300,344.5
2012-11-19,680,694,677,692,38000,346
2012-11-16,665,691,665,676,26800,338
2012-11-15,661,674,660,668,21100,334
2012-11-14,668,680,653,660,53500,330
2012-11-13,691,704,672,676,56100,338
2012-11-12,701,711,692,696,32100,348
2012-11-09,722,722,706,710,37300,355
2012-11-08,720,734,716,723,30900,361.5
2012-11-07,726,739,719,734,48500,367
2012-11-06,746,751,718,726,99300,363
2012-11-05,698,745,698,745,164200,372.5
2012-11-02,700,702,686,693,67200,346.5
2012-11-01,714,721,700,700,49100,350
2012-10-31,715,732,706,706,53900,353
2012-10-30,712,739,691,730,104400,365
2012-10-29,729,736,702,712,103700,356
2012-10-26,742,744,730,744,62000,372
2012-10-25,726,741,686,738,117700,369
2012-10-24,741,746,732,736,53200,368
2012-10-23,750,750,731,746,39700,373
2012-10-22,730,752,709,752,94600,376
2012-10-19,750,784,731,745,244000,372.5
2012-10-18,715,746,714,744,141200,372
2012-10-17,722,730,695,711,112400,355.5
2012-10-16,700,712,688,708,67300,354
2012-10-15,686,720,671,709,114800,354.5
2012-10-12,721,735,658,665,230100,332.5
2012-10-11,654,701,653,696,140500,348
2012-10-10,656,675,647,658,47000,329
2012-10-09,667,685,655,667,121100,333.5
2012-10-05,649,649,618,633,55500,316.5
2012-10-04,648,665,635,642,39000,321
2012-10-03,676,705,632,658,170400,329
2012-10-02,634,716,625,666,291700,333
2012-10-01,647,647,616,625,50700,312.5
2012-09-28,597,644,579,640,57000,320
2012-09-27,601,605,582,590,13300,295
2012-09-26,595,600,573,600,19400,300
2012-09-25,601,606,595,595,12300,297.5
2012-09-24,605,605,591,597,8200,298.5
2012-09-21,595,600,591,595,9600,297.5
2012-09-20,608,608,596,599,10200,299.5
2012-09-19,602,609,591,603,20000,301.5
2012-09-18,620,628,610,610,10700,305
2012-09-14,613,628,610,621,31300,310.5
2012-09-13,587,617,587,616,25900,308
2012-09-12,572,593,572,593,19800,296.5
2012-09-11,585,589,572,574,20400,287
2012-09-10,599,599,588,588,12400,294
2012-09-07,570,596,570,591,44200,295.5
2012-09-06,572,583,572,577,7700,288.5
2012-09-05,581,592,570,573,42000,286.5
2012-09-04,600,601,594,594,10900,297
2012-09-03,597,604,590,601,18200,300.5
2012-08-31,598,602,590,590,36400,295
2012-08-30,620,620,602,606,67400,303
2012-08-29,620,628,615,626,16400,313
2012-08-28,645,645,613,615,64900,307.5
2012-08-27,664,664,636,645,25100,322.5
2012-08-24,650,658,643,654,11400,327
2012-08-23,650,665,641,665,37700,332.5
2012-08-22,641,645,630,645,14300,322.5
2012-08-21,655,663,641,642,17900,321
2012-08-20,662,670,656,665,16200,332.5
2012-08-17,680,680,662,668,31600,334
2012-08-16,645,673,640,673,86900,336.5
2012-08-15,635,645,632,640,36100,320
2012-08-14,628,640,624,626,30600,313
2012-08-13,645,645,621,631,19800,315.5
2012-08-10,644,644,628,635,16900,317.5
2012-08-09,650,671,630,635,59300,317.5
2012-08-08,605,690,605,659,207900,329.5
2012-08-07,601,610,575,598,39700,299
2012-08-06,623,628,601,601,21800,300.5
2012-08-03,638,647,600,605,57900,302.5
2012-08-02,681,681,636,658,48700,329
2012-08-01,685,693,661,672,79800,336
2012-07-31,632,685,607,681,82900,340.5
2012-07-30,675,689,640,652,139700,326
2012-07-27,583,627,580,625,69500,312.5
2012-07-26,551,573,550,573,33900,286.5
2012-07-25,569,575,548,568,40600,284
2012-07-24,560,595,530,589,89900,294.5
2012-07-23,602,602,530,540,74600,270
2012-07-20,615,615,600,610,33400,305
2012-07-19,590,626,590,610,46100,305
2012-07-18,632,641,590,592,71500,296
2012-07-17,664,675,630,647,59000,323.5
2012-07-13,650,676,642,669,37000,334.5
2012-07-12,671,679,650,650,61100,325
2012-07-11,677,684,669,675,18200,337.5
2012-07-10,696,696,676,677,47100,338.5
2012-07-09,700,700,685,691,40700,345.5
2012-07-06,705,710,694,704,60200,352
2012-07-05,740,748,712,716,73200,358
2012-07-04,765,770,727,740,181500,370
2012-07-03,710,753,710,750,196300,375
2012-07-02,703,724,694,703,111100,351.5
2012-06-29,675,702,662,694,125600,347
2012-06-28,681,685,672,674,51600,337
2012-06-27,693,703,670,678,114100,339
2012-06-26,701,705,682,683,74600,341.5
2012-06-25,717,717,699,700,76200,350
2012-06-22,703,714,694,697,76600,348.5
2012-06-21,701,730,697,714,117700,357
2012-06-20,695,715,681,707,91100,353.5
2012-06-19,706,740,686,690,160200,345
2012-06-18,670,742,655,729,218600,364.5
2012-06-15,701,707,640,643,226700,321.5
2012-06-14,732,734,696,701,113600,350.5
2012-06-13,728,744,683,722,260700,361
2012-06-12,760,760,711,715,153700,357.5
2012-06-11,792,798,751,762,125500,381
2012-06-08,800,804,755,770,203900,385
2012-06-07,820,848,750,807,514300,403.5
2012-06-06,762,897,761,803,1362300,401.5
2012-06-05,691,775,691,749,506900,374.5
2012-06-04,690,713,660,680,192000,340
2012-06-01,765,768,696,705,563700,352.5
2012-05-31,640,735,620,735,560600,367.5
2012-05-30,621,678,621,635,215300,317.5
2012-05-29,610,642,588,631,209000,315.5
2012-05-28,642,642,597,600,228400,300
2012-05-25,698,707,652,652,196300,326
2012-05-24,711,735,660,689,363600,344.5
2012-05-23,735,747,678,707,502100,353.5
2012-05-22,735,748,682,701,338100,350.5
2012-05-21,660,729,650,715,394600,357.5
2012-05-18,718,793,649,670,1421400,335
2012-05-17,590,710,589,710,691100,355
2012-05-16,590,645,576,610,492300,305
2012-05-15,566,607,509,590,613300,295
2012-05-14,650,659,567,579,394200,289.5
2012-05-11,680,719,653,667,406100,333.5
2012-05-10,695,735,678,720,379200,360
2012-05-09,709,718,626,685,405600,342.5
2012-05-08,750,805,701,723,564100,361.5
2012-05-07,767,846,729,743,791900,371.5
2012-05-02,910,1005,807,812,2423900,406
2012-05-01,730,870,670,870,1296400,435
2012-04-27,735,745,650,720,1715400,360
2012-04-26,645,645,645,645,35500,322.5
2012-04-25,474,545,465,545,316000,272.5
2012-04-24,467,476,460,465,25400,232.5
2012-04-23,444,471,440,471,79300,235.5
2012-04-20,457,457,436,446,10700,223
2012-04-19,439,456,439,456,22000,228
2012-04-18,442,445,437,438,20600,219
2012-04-17,423,434,416,434,38300,217
2012-04-16,454,454,431,434,28100,217
2012-04-13,463,471,442,448,34800,224
2012-04-12,441,475,441,459,39500,229.5
2012-04-11,432,449,431,439,35900,219.5
2012-04-10,470,473,451,456,48600,228
2012-04-09,461,480,450,473,55900,236.5
2012-04-06,475,481,460,462,37300,231
2012-04-05,450,469,441,468,40600,234
2012-04-04,455,455,443,448,29200,224
2012-04-03,455,465,440,450,87500,225
2012-04-02,441,480,441,479,74500,239.5
2012-03-30,432,489,430,448,156200,224
2012-03-29,436,440,416,421,49600,210.5
2012-03-28,442,450,430,442,64800,221
2012-03-27,460,467,432,460,103000,230
2012-03-26,510,520,469,473,161800,236.5
2012-03-23,512,519,499,503,84700,251.5
2012-03-22,520,520,496,519,120200,259.5
2012-03-21,538,556,509,538,402500,269
2012-03-19,473,516,460,502,377100,251
2012-03-16,458,476,415,436,322600,218
2012-03-15,437,493,413,454,583100,227
2012-03-14,370,413,369,413,235800,206.5
2012-03-13,337,365,337,362,238500,181
2012-03-12,331,335,326,335,50700,167.5
2012-03-09,330,335,328,328,57300,164
2012-03-08,328,338,324,335,32300,167.5
2012-03-07,320,327,319,323,27700,161.5
2012-03-06,330,337,319,321,124300,160.5
2012-03-05,343,355,331,338,130300,169
2012-03-02,319,320,318,320,10700,160
2012-03-01,318,320,318,319,13500,159.5
2012-02-29,320,321,317,318,30100,159
2012-02-28,318,320,314,320,36600,160
2012-02-27,322,322,318,320,29300,160
2012-02-24,324,324,318,320,58300,160
2012-02-23,321,327,320,321,102900,160.5
2012-02-22,318,321,316,318,26700,159
2012-02-21,320,320,316,320,25300,160
2012-02-20,320,321,314,320,41700,160
2012-02-17,315,322,309,318,35300,159
2012-02-16,314,315,304,313,59700,156.5
2012-02-15,316,323,314,315,38400,157.5
2012-02-14,345,345,316,316,146600,158
2012-02-13,280,361,270,346,272800,173
2012-02-10,274,281,273,281,10500,140.5
2012-02-09,280,281,274,279,8100,139.5
2012-02-08,280,280,275,279,5500,139.5
2012-02-07,272,280,272,280,3200,140
2012-02-06,273,279,271,275,7100,137.5
2012-02-03,275,275,270,270,2500,135
2012-02-02,277,280,271,272,15100,136
2012-02-01,295,295,281,284,9300,142
2012-01-31,298,300,289,295,15900,147.5
2012-01-30,301,302,286,299,48500,149.5
2012-01-27,264,273,261,271,13500,135.5
2012-01-26,264,266,258,264,8100,132
2012-01-25,262,264,255,264,18100,132
2012-01-24,249,258,249,258,7800,129
2012-01-23,246,249,244,249,4200,124.5
2012-01-20,245,246,243,245,5800,122.5
2012-01-19,246,248,241,243,9300,121.5
2012-01-18,244,246,242,246,2300,123
2012-01-17,247,250,244,246,5700,123
2012-01-16,246,250,246,246,1500,123
2012-01-13,244,249,244,248,5000,124
2012-01-12,244,244,240,243,1800,121.5
2012-01-11,240,242,239,240,11800,120
2012-01-10,250,250,239,241,17000,120.5
2012-01-06,246,246,244,245,2100,122.5
2012-01-05,247,247,243,246,2800,123
2012-01-04,247,248,243,248,4400,124
2011-12-30,244,246,244,246,500,123
2011-12-29,246,246,242,246,1300,123
2011-12-28,247,247,243,246,3000,123
2011-12-27,247,247,243,245,1800,122.5
2011-12-26,247,247,243,247,1500,123.5
2011-12-22,248,248,243,248,2800,124
2011-12-21,243,248,240,248,11400,124
2011-12-20,242,245,241,245,800,122.5
2011-12-19,242,250,240,242,34500,121
2011-12-16,244,248,242,242,6000,121
2011-12-15,251,251,245,247,4300,123.5
2011-12-14,248,250,248,250,6500,125
2011-12-13,249,249,247,247,31100,123.5
2011-12-12,248,248,247,248,1500,124
2011-12-09,250,250,248,248,4100,124
2011-12-08,245,246,240,246,5700,123
2011-12-07,249,249,245,245,6800,122.5
2011-12-06,252,252,248,248,2400,124
2011-12-05,252,255,249,250,5100,125
2011-12-02,262,262,255,255,7600,127.5
2011-12-01,249,255,243,255,5700,127.5
2011-11-30,247,252,243,248,8300,124
2011-11-29,254,254,244,253,1900,126.5
2011-11-28,245,255,240,254,9300,127
2011-11-25,255,255,241,253,12400,126.5
2011-11-24,245,253,244,253,1400,126.5
2011-11-22,245,253,245,253,6900,126.5
2011-11-21,245,250,245,250,1700,125
2011-11-18,245,246,244,244,1300,122
2011-11-17,250,250,240,242,3900,121
2011-11-16,255,258,255,258,1300,129
2011-11-15,249,250,249,250,2500,125
2011-11-14,246,246,241,246,2800,123
2011-11-11,240,250,240,250,4100,125
2011-11-10,249,250,234,245,6300,122.5
2011-11-09,250,250,242,242,1400,121
2011-11-08,260,260,232,247,6300,123.5
2011-11-07,260,260,257,260,2100,130
2011-11-04,257,260,257,260,1400,130
2011-11-02,263,263,255,258,3600,129
2011-11-01,268,268,265,266,800,133
2011-10-31,263,270,260,267,3900,133.5
2011-10-28,265,266,259,259,2500,129.5
2011-10-27,265,265,257,263,2300,131.5
2011-10-26,260,260,257,257,1100,128.5
2011-10-25,262,262,262,262,3100,131
2011-10-24,260,264,258,258,1400,129
2011-10-21,256,264,255,263,1700,131.5
2011-10-20,256,260,255,258,1400,129
2011-10-19,265,267,254,254,7500,127
2011-10-18,265,265,260,263,1200,131.5
2011-10-17,268,269,268,269,800,134.5
2011-10-14,260,266,259,266,1000,133
2011-10-13,259,267,258,267,1500,133.5
2011-10-12,264,264,264,264,200,132
2011-10-11,263,265,260,265,2400,132.5
2011-10-07,264,264,253,263,4000,131.5
2011-10-06,256,263,255,262,1300,131
2011-10-05,262,265,255,261,6900,130.5
2011-10-04,262,262,262,262,400,131
2011-10-03,260,263,260,263,2100,131.5
2011-09-30,250,263,250,261,1300,130.5
2011-09-29,250,250,250,250,1000,125
2011-09-28,251,260,237,251,4500,125.5
2011-09-27,259,259,250,251,3600,125.5
2011-09-26,248,250,222,243,9200,121.5
2011-09-22,263,263,255,260,5300,130
2011-09-21,261,263,260,263,2400,131.5
2011-09-20,263,263,260,263,2000,131.5
2011-09-16,256,263,256,263,3600,131.5
2011-09-15,260,264,259,263,1200,131.5
2011-09-14,260,267,257,258,3300,129
2011-09-13,266,268,266,268,400,134
2011-09-12,260,268,260,268,1700,134
2011-09-09,270,270,261,268,4100,134
2011-09-08,266,266,255,265,2300,132.5
2011-09-07,265,266,263,266,1000,133
2011-09-06,263,265,263,265,200,132.5
2011-09-05,261,264,261,264,1600,132
2011-09-02,266,266,262,264,1100,132
2011-09-01,266,267,260,267,3100,133.5
2011-08-31,261,266,261,266,2000,133
2011-08-30,265,269,260,261,29800,130.5
2011-08-29,262,275,262,273,2500,136.5
2011-08-26,273,273,260,260,1300,130
2011-08-25,275,275,267,267,2000,133.5
2011-08-24,274,274,265,269,2900,134.5
2011-08-23,275,275,268,269,1800,134.5
2011-08-22,274,276,270,276,6200,138
2011-08-19,269,276,260,276,4000,138
2011-08-18,276,276,275,276,2800,138
2011-08-17,271,275,271,275,500,137.5
2011-08-16,270,270,270,270,400,135
2011-08-15,278,278,278,278,2100,139
2011-08-12,263,278,262,278,2600,139
2011-08-11,253,270,253,258,3300,129
2011-08-10,272,279,265,273,9700,136.5
2011-08-09,251,265,242,265,20900,132.5
2011-08-08,262,266,262,266,3000,133
2011-08-05,270,270,260,264,14300,132
2011-08-04,270,275,270,271,8200,135.5
2011-08-03,270,272,269,271,5600,135.5
2011-08-02,270,277,270,271,5500,135.5
2011-08-01,268,272,266,269,13000,134.5
2011-07-29,278,278,276,278,3900,139
2011-07-28,278,280,275,278,6300,139
2011-07-27,280,280,277,278,8500,139
2011-07-26,278,279,277,278,12700,139
2011-07-25,286,286,277,278,33000,139
2011-07-22,289,290,285,285,12100,142.5
2011-07-21,291,291,291,291,1400,145.5
2011-07-20,290,291,285,291,8100,145.5
2011-07-19,290,292,289,292,8300,146
2011-07-15,291,291,288,290,5100,145
2011-07-14,293,294,291,292,7000,146
2011-07-13,291,295,290,292,16500,146
2011-07-12,294,295,292,293,6400,146.5
2011-07-11,294,295,293,293,14800,146.5
2011-07-08,298,298,294,294,10900,147
2011-07-07,294,294,293,294,6700,147
2011-07-06,295,296,294,295,1700,147.5
2011-07-05,295,295,293,295,3600,147.5
2011-07-04,294,295,294,295,17700,147.5
2011-07-01,295,295,292,293,3900,146.5
2011-06-30,302,302,292,294,18900,147
2011-06-29,295,295,290,294,16500,147
2011-06-28,300,300,293,297,1000,148.5
2011-06-27,296,296,292,292,3600,146
2011-06-24,300,300,294,294,12000,147
2011-06-23,296,301,296,301,700,150.5
2011-06-22,297,297,293,295,7700,147.5
2011-06-21,296,299,295,295,900,147.5
2011-06-20,295,296,294,296,3700,148
2011-06-17,295,295,291,293,9400,146.5
2011-06-16,294,298,294,295,2200,147.5
2011-06-15,292,295,292,294,7600,147
2011-06-14,292,295,292,293,3100,146.5
2011-06-13,303,303,292,298,1500,149
2011-06-10,303,303,295,295,3200,147.5
2011-06-09,295,295,294,295,3800,147.5
2011-06-08,293,295,293,295,3000,147.5
2011-06-07,299,299,291,295,7000,147.5
2011-06-06,296,299,291,299,3700,149.5
2011-06-03,300,300,295,295,3800,147.5
2011-06-02,298,302,294,302,2600,151
2011-06-01,300,300,299,300,22700,150
2011-05-31,296,300,296,300,7500,150
2011-05-30,295,296,295,296,1800,148
2011-05-27,294,295,292,295,4200,147.5
2011-05-26,294,294,294,294,6700,147
2011-05-25,300,300,295,295,5600,147.5
2011-05-24,297,297,296,296,1100,148
2011-05-23,300,300,300,300,600,150
2011-05-20,300,308,300,308,1600,154
2011-05-19,300,300,296,297,9400,148.5
2011-05-18,300,300,296,300,3600,150
2011-05-17,296,300,295,300,5900,150
2011-05-16,309,309,294,300,16100,150
2011-05-13,315,317,311,311,4800,155.5
2011-05-12,321,322,316,322,2300,161
2011-05-11,328,330,321,321,3700,160.5
2011-05-10,329,331,321,331,6900,165.5
2011-05-09,319,321,317,320,5700,160
2011-05-06,333,333,312,312,7900,156
2011-05-02,333,342,333,342,1600,171
2011-04-28,333,337,333,333,4100,166.5
2011-04-27,327,328,326,326,1600,163
2011-04-26,325,327,321,325,7900,162.5
2011-04-25,334,335,334,335,5500,167.5
2011-04-22,325,325,325,325,900,162.5
2011-04-21,327,335,321,335,3000,167.5
2011-04-20,332,332,323,331,600,165.5
2011-04-19,338,338,332,332,800,166
2011-04-18,335,336,335,336,1500,168
2011-04-15,333,338,331,335,1800,167.5
2011-04-14,320,338,319,338,4100,169
2011-04-13,321,321,320,320,2100,160
2011-04-12,329,329,321,321,1000,160.5
2011-04-11,328,330,320,322,1900,161
2011-04-08,345,345,329,335,3000,167.5
2011-04-07,317,335,317,335,4900,167.5
2011-04-06,322,326,322,325,1100,162.5
2011-04-05,332,332,329,330,1400,165
2011-04-04,330,332,330,332,1100,166
2011-04-01,332,343,330,335,1000,167.5
2011-03-31,331,332,331,332,1800,166
2011-03-30,331,345,330,345,1200,172.5
2011-03-29,330,330,330,330,1800,165
2011-03-28,344,344,330,342,900,171
2011-03-25,355,355,346,346,10100,173
2011-03-24,355,355,344,344,2300,172
2011-03-23,368,368,349,349,7300,174.5
2011-03-22,321,360,321,360,8700,180
2011-03-18,320,327,311,315,5600,157.5
2011-03-17,292,310,292,304,13300,152
2011-03-16,260,340,260,340,30600,170
2011-03-15,350,360,262,265,39300,132.5
2011-03-14,332,386,330,338,16800,169
2011-03-11,400,404,396,404,6300,202
2011-03-10,417,417,402,402,3500,201
2011-03-09,397,407,397,405,7800,202.5
2011-03-08,392,393,392,392,1300,196
2011-03-07,390,392,390,392,2700,196
2011-03-04,395,395,390,390,4400,195
2011-03-03,395,399,395,395,800,197.5
2011-03-02,390,390,385,387,4500,193.5
2011-03-01,390,394,387,394,1800,197
2011-02-28,383,391,383,383,3100,191.5
2011-02-25,384,390,382,387,6600,193.5
2011-02-24,380,384,380,380,7900,190
2011-02-23,386,388,384,386,10500,193
2011-02-22,390,390,387,388,7500,194
2011-02-21,390,391,389,390,8700,195
2011-02-18,390,393,389,393,2600,196.5
2011-02-17,390,392,390,390,6300,195
2011-02-16,394,395,390,390,3300,195
2011-02-15,394,394,391,391,1800,195.5
2011-02-14,395,395,390,394,2200,197
2011-02-10,398,398,390,393,5500,196.5
2011-02-09,392,392,387,390,6500,195
2011-02-08,392,392,390,391,3600,195.5
2011-02-07,390,391,388,391,4400,195.5
2011-02-04,393,393,386,387,3800,193.5
2011-02-03,381,395,381,385,6400,192.5
2011-02-02,375,383,375,383,3300,191.5
2011-02-01,385,385,370,371,10700,185.5
2011-01-31,390,390,380,380,17400,190
2011-01-28,404,410,402,402,4500,201
2011-01-27,408,412,405,412,4700,206
2011-01-26,405,406,399,404,4300,202
2011-01-25,400,404,398,404,6900,202
2011-01-24,392,398,390,392,7000,196
2011-01-21,409,409,390,399,26700,199.5
2011-01-20,415,420,412,412,7800,206
2011-01-19,420,420,416,417,8800,208.5
2011-01-18,424,424,418,422,2500,211
2011-01-17,426,426,418,423,18400,211.5
2011-01-14,418,419,410,418,7400,209
2011-01-13,415,427,411,419,28200,209.5
2011-01-12,410,417,408,410,15500,205
2011-01-11,400,410,399,407,17200,203.5
2011-01-07,396,413,393,403,31600,201.5
2011-01-06,376,392,375,392,11500,196
2011-01-05,371,375,370,375,5200,187.5
2011-01-04,368,378,368,372,6000,186
2010-12-30,380,380,369,369,18300,184.5
2010-12-29,377,382,374,379,10000,189.5
2010-12-28,374,389,374,380,6600,190
2010-12-27,378,380,375,375,6400,187.5
2010-12-24,391,398,378,378,14500,189
2010-12-22,390,399,390,395,3100,197.5
2010-12-21,382,395,382,390,12200,195
2010-12-20,402,402,386,392,15600,196
2010-12-17,401,403,390,403,18100,201.5
2010-12-16,400,405,397,401,14300,200.5
2010-12-15,402,420,396,400,44800,200
2010-12-14,430,430,399,401,64500,200.5
2010-12-13,356,435,355,430,132800,215
2010-12-10,356,361,356,358,19700,179
2010-12-09,360,360,346,356,7600,178
2010-12-08,361,363,352,356,20800,178
2010-12-07,361,361,352,361,15500,180.5
2010-12-06,345,355,345,353,25900,176.5
2010-12-03,349,349,342,348,2600,174
2010-12-02,350,350,340,347,13600,173.5
2010-12-01,347,347,342,342,2200,171
2010-11-30,349,349,340,341,7500,170.5
2010-11-29,349,350,341,345,24400,172.5
2010-11-26,348,348,344,344,1700,172
2010-11-25,350,350,342,348,9400,174
2010-11-24,342,344,335,342,5200,171
2010-11-22,345,348,336,348,11000,174
2010-11-19,349,354,340,342,35600,171
2010-11-18,344,348,340,348,5400,174
2010-11-17,348,349,335,340,40700,170
2010-11-16,354,354,345,350,11100,175
2010-11-15,367,369,345,346,21500,173
2010-11-12,372,375,360,370,35200,185
2010-11-11,338,374,331,374,37600,187
2010-11-10,344,346,341,344,8700,172
2010-11-09,352,357,340,340,19500,170
2010-11-08,350,370,342,360,43100,180
2010-11-05,338,339,330,339,14200,169.5
2010-11-04,340,340,330,330,26900,165
2010-11-02,348,348,330,330,51300,165
2010-11-01,309,353,302,338,96800,169
2010-10-29,290,294,289,294,4500,147
2010-10-28,299,309,290,291,7700,145.5
2010-10-27,307,307,307,307,100,153.5
2010-10-26,302,308,300,300,2700,150
2010-10-25,307,307,291,301,7900,150.5
2010-10-22,293,299,293,299,400,149.5
2010-10-21,294,298,293,293,1700,146.5
2010-10-20,300,300,293,293,1700,146.5
2010-10-19,295,302,295,302,300,151
2010-10-18,300,301,293,293,1000,146.5
2010-10-15,305,305,295,295,2000,147.5
2010-10-14,296,300,296,300,1100,150
2010-10-13,300,303,296,296,2200,148
2010-10-12,302,302,298,300,700,150
2010-10-08,311,311,303,303,5900,151.5
2010-10-07,305,305,303,303,1000,151.5
2010-10-06,297,302,297,302,5700,151
2010-10-05,295,302,295,296,2900,148
2010-10-04,302,303,294,303,5500,151.5
2010-10-01,308,308,300,303,4500,151.5
2010-09-30,299,307,299,300,2800,150
2010-09-29,301,301,296,297,1700,148.5
2010-09-28,301,303,297,298,7000,149
2010-09-27,308,308,303,303,4600,151.5
2010-09-24,315,315,309,309,5200,154.5
2010-09-22,310,314,305,307,5000,153.5
2010-09-21,315,318,310,311,3600,155.5
2010-09-17,314,314,310,311,8400,155.5
2010-09-16,320,320,313,314,3000,157
2010-09-15,310,320,305,313,11400,156.5
2010-09-14,322,327,313,315,7700,157.5
2010-09-13,336,336,321,324,7400,162
2010-09-10,322,338,310,324,13500,162
2010-09-09,314,314,308,314,7300,157
2010-09-08,315,318,302,314,21500,157
2010-09-07,327,327,320,324,5100,162
2010-09-06,334,335,321,330,11100,165
2010-09-03,321,338,315,334,11600,167
2010-09-02,333,346,313,320,24500,160
2010-09-01,321,325,316,317,8900,158.5
2010-08-31,352,353,310,318,47500,159
2010-08-30,323,362,314,344,45700,172
2010-08-27,293,309,290,309,13200,154.5
2010-08-26,287,296,286,295,6700,147.5
2010-08-25,287,293,284,292,17400,146
2010-08-24,284,284,277,281,26800,140.5
2010-08-23,290,291,283,284,39000,142
2010-08-20,295,303,290,290,51900,145
2010-08-19,302,302,290,295,21300,147.5
2010-08-18,316,318,300,310,14900,155
2010-08-17,286,310,286,300,68400,150
2010-08-16,302,302,277,286,32900,143
2010-08-13,305,307,288,296,41700,148
2010-08-12,312,314,297,302,43500,151
2010-08-11,337,338,310,320,60300,160
2010-08-10,355,360,333,349,28300,174.5
2010-08-09,342,368,340,349,110400,174.5
2010-08-06,346,350,325,326,22300,163
2010-08-05,354,354,337,346,12400,173
2010-08-04,350,355,347,350,11000,175
2010-08-03,369,369,355,358,10800,179
2010-08-02,381,388,364,369,21700,184.5
2010-07-30,397,406,397,405,2600,202.5
2010-07-29,393,397,393,397,500,198.5
2010-07-28,391,400,390,400,3300,200
2010-07-27,395,395,389,389,1000,194.5
2010-07-26,402,402,390,396,3100,198
2010-07-23,396,396,386,387,4000,193.5
2010-07-22,381,385,370,385,4700,192.5
2010-07-21,400,401,390,396,7500,198
2010-07-20,400,401,400,400,1900,200
2010-07-16,414,414,395,398,7300,199
2010-07-15,410,410,405,410,2000,205
2010-07-14,413,413,406,410,1600,205
2010-07-13,409,417,398,405,16300,202.5
2010-07-12,425,425,406,419,9300,209.5
2010-07-09,427,430,420,420,11500,210
2010-07-08,429,430,415,415,13400,207.5
2010-07-07,434,435,426,428,6600,214
2010-07-06,445,449,425,434,14100,217
2010-07-05,454,454,441,445,3800,222.5
2010-07-02,435,460,435,455,3000,227.5
2010-07-01,477,477,439,439,10500,219.5
2010-06-30,451,480,451,480,6700,240
2010-06-29,478,478,435,451,7600,225.5
2010-06-28,482,483,472,477,2900,238.5
2010-06-25,503,503,485,486,10700,243
2010-06-24,496,520,496,503,3100,251.5
2010-06-23,501,501,496,500,3000,250
2010-06-22,520,520,504,504,9200,252
2010-06-21,523,529,521,529,4400,264.5
2010-06-18,505,515,505,515,2000,257.5
2010-06-17,510,510,502,505,5300,252.5
2010-06-16,513,530,513,520,5000,260
2010-06-15,500,510,500,510,3900,255
2010-06-14,481,496,481,495,4000,247.5
2010-06-11,472,485,472,480,1900,240
2010-06-10,471,471,471,471,100,235.5
2010-06-09,498,498,464,466,13700,233
2010-06-08,485,490,485,490,3000,245
2010-06-07,490,490,482,490,3700,245
2010-06-04,496,497,489,497,1900,248.5
2010-06-03,492,499,488,488,8800,244
2010-06-02,498,500,495,500,2900,250
2010-06-01,499,500,498,500,2700,250
2010-05-31,504,505,500,500,4600,250
2010-05-28,505,505,499,500,5700,250
2010-05-27,484,497,483,496,3000,248
2010-05-26,498,498,498,498,600,249
2010-05-25,501,501,482,482,10200,241
2010-05-24,524,524,496,498,9000,249
2010-05-21,490,504,482,504,18400,252
2010-05-20,546,550,538,538,10500,269
2010-05-19,555,555,536,549,6700,274.5
2010-05-18,590,590,565,575,9400,287.5
2010-05-17,618,618,581,600,13400,300
2010-05-14,668,668,668,668,100,334
2010-05-13,665,671,653,671,2500,335.5
2010-05-12,687,687,670,671,1000,335.5
2010-05-11,671,678,660,678,5300,339
2010-05-10,660,670,660,666,1400,333
2010-05-07,660,660,646,651,7400,325.5
2010-05-06,670,683,660,683,2100,341.5
2010-04-30,665,685,665,685,10900,342.5
2010-04-28,680,680,655,675,3400,337.5
2010-04-27,668,685,662,685,7600,342.5
2010-04-26,670,678,660,677,7300,338.5
2010-04-23,663,674,656,660,13100,330
2010-04-22,660,671,651,660,14000,330
2010-04-21,672,677,650,675,8100,337.5
2010-04-20,670,677,668,672,3500,336
2010-04-19,670,678,665,676,4100,338
2010-04-16,674,684,660,670,6500,335
2010-04-15,697,697,650,664,13500,332
2010-04-14,665,711,649,696,18600,348
2010-04-13,640,645,636,637,10400,318.5
2010-04-12,650,665,649,660,9600,330
2010-04-09,670,674,660,660,7500,330
2010-04-08,667,670,660,670,2300,335
2010-04-07,670,670,660,669,1100,334.5
2010-04-06,661,668,655,668,3900,334
2010-04-05,650,664,650,663,5600,331.5
2010-04-02,649,659,643,657,11100,328.5
2010-04-01,668,668,660,667,5300,333.5
2010-03-31,640,655,639,655,4300,327.5
2010-03-30,628,646,628,637,5900,318.5
2010-03-29,640,655,615,648,5600,324
2010-03-26,651,660,647,651,9200,325.5
2010-03-25,665,670,645,654,11400,327
2010-03-24,632,655,630,655,19000,327.5
2010-03-23,618,639,600,633,17100,316.5
2010-03-19,565,617,565,608,23400,304
2010-03-18,572,578,565,565,7300,282.5
2010-03-17,569,572,565,572,2800,286
2010-03-16,580,580,569,570,3700,285
2010-03-15,574,576,569,570,9400,285
2010-03-12,580,585,575,580,3300,290
2010-03-11,583,585,573,585,7500,292.5
2010-03-10,584,588,573,574,16100,287
2010-03-09,578,583,577,583,1900,291.5
2010-03-08,583,588,572,576,7800,288
2010-03-05,581,593,570,582,6100,291
2010-03-04,570,590,570,571,27100,285.5
2010-03-03,577,590,575,575,5700,287.5
2010-03-02,578,599,577,587,11500,293.5
2010-03-01,566,578,566,578,4100,289
2010-02-26,588,588,571,574,6700,287
2010-02-25,582,585,578,578,15600,289
2010-02-24,578,588,578,580,2400,290
2010-02-23,591,591,570,581,7300,290.5
2010-02-22,590,593,590,591,14300,295.5
2010-02-19,594,600,585,591,12400,295.5
2010-02-18,600,603,600,600,5200,300
2010-02-17,601,610,597,610,20200,305
2010-02-16,600,601,599,600,16500,300
2010-02-15,617,617,598,604,12700,302
2010-02-12,585,620,585,619,9200,309.5
2010-02-10,574,599,574,585,27000,292.5
2010-02-09,571,579,567,574,23400,287
2010-02-08,560,564,560,561,16000,280.5
2010-02-05,580,580,557,566,16100,283
2010-02-04,570,590,570,590,6200,295
2010-02-03,555,574,553,567,12300,283.5
2010-02-02,578,580,553,575,25400,287.5
2010-02-01,570,589,568,568,51700,284
2010-01-29,700,700,656,668,12400,334
2010-01-28,700,711,686,691,10000,345.5
2010-01-27,692,698,688,697,9600,348.5
2010-01-26,773,779,710,710,19000,355
2010-01-25,785,785,771,771,4800,385.5
2010-01-22,785,788,770,785,12400,392.5
2010-01-21,785,799,772,785,15600,392.5
2010-01-20,773,777,765,777,24800,388.5
2010-01-19,760,773,756,758,14600,379
2010-01-18,766,766,755,761,12800,380.5
2010-01-15,743,757,740,754,20100,377
2010-01-14,730,749,720,730,25500,365
2010-01-13,710,734,696,734,8800,367
2010-01-12,712,719,703,710,9800,355
2010-01-08,715,740,695,714,33400,357
2010-01-07,691,738,687,714,30600,357
2010-01-06,714,714,685,690,10100,345
2010-01-05,690,720,671,717,51900,358.5
2010-01-04,617,700,616,694,31700,347
2009-12-30,605,626,604,626,13400,313
2009-12-29,605,610,602,604,19900,302
2009-12-28,612,615,605,609,23000,304.5
2009-12-25,612,617,610,611,8700,305.5
2009-12-24,612,615,607,610,11500,305
2009-12-22,615,618,608,616,8500,308
2009-12-21,618,618,610,613,6400,306.5
2009-12-18,626,626,608,619,6400,309.5
2009-12-17,621,621,607,616,5800,308
2009-12-16,641,641,609,610,8300,305
2009-12-15,611,640,610,637,15100,318.5
2009-12-14,604,604,601,602,14100,301
2009-12-11,608,618,605,606,6200,303
2009-12-10,616,618,605,605,11800,302.5
2009-12-09,638,639,616,616,7300,308
2009-12-08,638,640,635,638,7800,319
2009-12-07,624,640,624,640,17100,320
2009-12-04,641,643,625,626,11900,313
2009-12-03,626,645,626,640,32200,320
2009-12-02,640,640,620,621,14900,310.5
2009-12-01,640,640,632,640,5900,320
2009-11-30,650,650,635,640,26100,320
2009-11-27,640,678,639,677,12700,338.5
2009-11-26,650,650,637,637,8800,318.5
2009-11-25,609,640,607,640,13800,320
2009-11-24,615,621,602,603,20300,301.5
2009-11-20,640,640,633,635,35700,317.5
2009-11-19,630,651,628,640,66200,320
2009-11-18,640,640,630,639,38300,319.5
2009-11-17,712,712,640,660,21700,330
2009-11-16,771,771,690,722,22400,361
2009-11-13,782,810,778,781,4700,390.5
2009-11-12,812,817,778,807,5100,403.5
2009-11-11,824,826,805,812,6400,406
2009-11-10,823,824,813,824,7000,412
2009-11-09,797,818,794,813,5400,406.5
2009-11-06,782,795,770,787,19400,393.5
2009-11-05,803,808,763,765,9200,382.5
2009-11-04,809,809,800,803,8700,401.5
2009-11-02,808,830,808,812,40300,406
2009-10-30,861,889,861,888,5800,444
2009-10-29,855,879,855,857,9100,428.5
2009-10-28,900,918,875,875,8000,437.5
2009-10-27,910,910,903,904,2500,452
2009-10-26,908,912,898,912,6200,456
2009-10-23,908,908,900,908,4200,454
2009-10-22,908,908,899,899,2400,449.5
2009-10-21,896,904,896,898,2100,449
2009-10-20,910,910,902,906,3400,453
2009-10-19,908,908,888,900,7300,450
2009-10-16,890,904,871,898,4100,449
2009-10-15,906,916,891,893,8700,446.5
2009-10-14,913,913,905,906,2900,453
2009-10-13,920,920,900,912,5900,456
2009-10-09,881,957,881,900,21600,450
2009-10-08,866,885,856,881,3200,440.5
2009-10-07,838,876,837,866,11200,433
2009-10-06,858,858,816,818,11300,409
2009-10-05,871,881,848,848,17100,424
2009-10-02,880,911,832,911,40200,455.5
2009-10-01,959,959,900,900,13000,450
2009-09-30,995,999,930,965,15700,482.5
2009-09-29,993,994,975,990,4300,495
2009-09-28,978,995,953,995,23300,497.5
2009-09-25,981,990,981,988,8200,494
2009-09-24,987,993,977,981,13600,490.5
2009-09-18,990,998,985,987,12100,493.5
2009-09-17,999,1005,992,998,7300,499
2009-09-16,996,1005,981,990,12000,495
2009-09-15,990,1000,985,995,14200,497.5
2009-09-14,1026,1026,970,990,34100,495
2009-09-11,1010,1016,996,1006,11400,503
2009-09-10,1015,1016,997,1006,26400,503
2009-09-09,1001,1018,995,1010,21400,505
2009-09-08,1025,1028,990,992,24600,496
2009-09-07,1040,1040,1002,1017,23300,508.5
2009-09-04,1055,1068,1012,1020,27400,510
2009-09-03,1006,1060,991,1055,77200,527.5
2009-09-02,1002,1025,985,1005,27100,502.5
2009-09-01,1028,1038,1010,1013,30900,506.5
2009-08-31,999,1018,985,1013,38200,506.5
2009-08-28,994,994,970,989,20000,494.5
2009-08-27,1005,1005,986,995,11200,497.5
2009-08-26,1002,1013,989,995,22000,497.5
2009-08-25,1003,1014,998,999,8800,499.5
2009-08-24,1010,1015,992,993,16200,496.5
2009-08-21,1006,1022,991,1008,60100,504
2009-08-20,999,1001,986,998,39500,499
2009-08-19,1015,1029,996,1001,48500,500.5
2009-08-18,1013,1047,997,1007,42700,503.5
2009-08-17,1082,1085,1034,1053,47200,526.5
2009-08-14,1004,1082,992,1081,132100,540.5
2009-08-13,993,1010,981,982,26400,491
2009-08-12,1020,1020,972,993,44000,496.5
2009-08-11,996,1028,970,993,87300,496.5
2009-08-10,1001,1050,995,995,104400,497.5
2009-08-07,1030,1048,1001,1023,36500,511.5
2009-08-06,1000,1058,998,1036,46700,518
2009-08-05,1050,1068,997,1001,62700,500.5
2009-08-04,1100,1100,990,1039,90600,519.5
2009-08-03,1070,1140,1064,1088,97400,544
2009-07-31,1133,1170,1113,1170,103100,585
2009-07-30,1061,1140,1001,1113,94300,556.5
2009-07-29,1085,1140,1055,1110,62000,555
2009-07-28,1036,1100,1020,1085,63200,542.5
2009-07-27,1035,1073,1035,1035,37700,517.5
2009-07-24,1030,1038,1010,1030,31100,515
2009-07-23,1031,1045,1015,1015,43300,507.5
2009-07-22,1000,1074,980,1023,86400,511.5
2009-07-21,921,980,916,980,26600,490
2009-07-17,890,919,881,911,19700,455.5
2009-07-16,925,937,881,898,27100,449
2009-07-15,909,932,865,905,35200,452.5
2009-07-14,924,960,876,919,66100,459.5
2009-07-13,1040,1040,899,904,86300,452
2009-07-10,1130,1145,1040,1099,154500,549.5
2009-07-09,1029,1170,1020,1170,302600,585
2009-07-08,1023,1035,977,1030,108700,515
2009-07-07,945,1025,940,1025,152400,512.5
2009-07-06,921,935,905,925,35200,462.5
2009-07-03,909,920,905,910,28600,455
2009-07-02,922,950,904,919,60900,459.5
2009-07-01,892,920,892,902,19700,451
2009-06-30,876,940,876,892,46000,446
2009-06-29,880,886,855,876,29300,438
2009-06-26,895,900,850,850,31300,425
2009-06-25,880,888,855,875,20600,437.5
2009-06-24,911,921,848,889,41700,444.5
2009-06-23,921,950,898,921,53000,460.5
2009-06-22,1040,1060,980,981,86800,490.5
2009-06-19,887,980,880,980,72700,490
2009-06-18,897,897,855,880,20400,440
2009-06-17,870,890,858,880,21400,440
2009-06-16,850,910,844,853,37800,426.5
2009-06-15,818,850,806,838,24300,419
2009-06-12,817,817,790,810,18100,405
2009-06-11,830,835,800,818,25200,409
2009-06-10,830,855,812,830,20500,415
2009-06-09,800,845,790,829,49500,414.5
2009-06-08,749,806,745,775,36700,387.5
2009-06-05,730,745,726,739,11200,369.5
2009-06-04,725,729,720,725,15000,362.5
2009-06-03,720,728,711,724,19600,362
2009-06-02,720,740,718,729,51200,364.5
2009-06-01,669,722,660,700,107600,350
2009-05-29,670,685,626,650,72700,325
2009-05-28,660,670,638,670,41500,335
2009-05-27,696,697,670,672,33000,336
2009-05-26,710,716,687,716,22400,358
2009-05-25,723,724,710,720,22900,360
2009-05-22,694,726,673,722,23100,361
2009-05-21,698,701,672,693,22800,346.5
2009-05-20,727,727,687,714,27300,357
2009-05-19,731,734,716,727,30400,363.5
2009-05-18,725,780,715,730,110000,365
2009-05-15,646,705,641,705,34100,352.5
2009-05-14,620,649,620,649,10400,324.5
2009-05-13,622,627,620,624,5600,312
2009-05-12,630,631,620,630,2100,315
2009-05-11,618,631,618,630,7400,315
2009-05-08,634,634,625,634,6000,317
2009-05-07,614,637,614,634,7300,317
2009-05-01,614,614,596,610,14100,305
2009-04-30,618,618,601,614,14700,307
2009-04-28,629,638,620,620,10300,310
2009-04-27,639,639,628,638,6600,319
2009-04-24,624,640,624,639,24000,319.5
2009-04-23,620,625,620,624,5400,312
2009-04-22,616,629,615,629,9800,314.5
2009-04-21,610,630,610,616,9200,308
2009-04-20,655,655,631,650,3500,325
2009-04-17,635,660,610,658,27600,329
2009-04-16,638,647,623,645,9000,322.5
2009-04-15,628,648,603,618,17300,309
2009-04-14,617,660,610,632,22400,316
2009-04-13,685,686,612,613,23100,306.5
2009-04-10,700,710,680,690,30700,345
2009-04-09,705,730,670,700,48500,350
2009-04-08,635,735,616,735,88400,367.5
2009-04-07,616,636,610,635,49400,317.5
2009-04-06,605,636,601,636,63400,318
2009-04-03,593,605,588,600,48800,300
2009-04-02,615,617,599,610,52600,305
2009-04-01,624,635,614,619,76000,309.5
2009-03-31,617,636,595,614,48800,307
2009-03-30,594,636,592,620,50000,310
2009-03-27,544,585,540,584,36300,292
2009-03-26,513,554,512,536,40600,268
2009-03-25,501,518,500,517,31300,258.5
2009-03-24,500,505,491,503,16300,251.5
2009-03-23,500,502,495,500,11500,250
2009-03-19,465,508,465,500,47200,250
2009-03-18,489,490,475,475,5600,237.5
2009-03-17,479,495,464,495,16300,247.5
2009-03-16,477,509,460,509,37900,254.5
2009-03-13,465,479,460,479,18100,239.5
2009-03-12,471,488,465,470,25500,235
2009-03-11,494,498,476,490,34500,245
2009-03-10,497,497,465,475,16600,237.5
2009-03-09,470,499,470,488,27700,244
2009-03-06,465,475,460,468,24300,234
2009-03-05,458,479,458,462,47700,231
2009-03-04,415,449,415,440,24000,220
2009-03-03,415,415,407,413,27500,206.5
2009-03-02,410,418,405,415,26800,207.5
2009-02-27,404,410,391,406,33500,203
2009-02-26,385,399,380,399,34300,199.5
2009-02-25,405,405,390,394,34300,197
2009-02-24,381,400,380,390,93600,195
2009-02-23,340,398,340,381,203400,190.5
2009-02-20,315,331,315,330,31900,165
2009-02-19,335,339,316,316,63700,158
2009-02-18,336,343,333,342,23800,171
2009-02-17,347,355,343,344,53100,172
2009-02-16,348,360,335,348,138500,174
2009-02-13,349,364,345,351,68700,175.5
2009-02-12,346,362,346,349,48700,174.5
2009-02-10,357,370,348,351,73400,175.5
2009-02-09,365,386,350,354,163400,177
2009-02-06,341,368,341,351,100800,175.5
2009-02-05,351,351,338,345,90300,172.5
2009-02-04,375,380,343,360,128200,180
2009-02-03,397,400,370,375,226900,187.5
2009-02-02,380,422,373,422,400100,211
2009-01-30,332,367,325,360,450800,180
2009-01-29,362,365,324,332,911300,166
2009-01-28,402,402,402,402,18600,201
2009-01-27,482,482,482,482,2500,241
2009-01-26,582,582,582,582,4000,291
2009-01-23,700,700,660,682,15300,341
2009-01-22,721,721,710,715,7500,357.5
2009-01-21,725,725,711,720,5800,360
2009-01-20,745,766,724,740,10900,370
2009-01-19,740,745,724,744,11300,372
2009-01-16,710,715,700,710,6300,355
2009-01-15,720,720,695,705,10200,352.5
2009-01-14,734,744,725,735,8600,367.5
2009-01-13,740,745,726,744,6200,372
2009-01-09,765,765,739,759,4200,379.5
2009-01-08,780,780,732,760,12200,380
2009-01-07,817,817,770,789,15800,394.5
2009-01-06,844,850,810,825,19000,412.5
2009-01-05,795,837,788,834,9200,417
2008-12-30,751,775,751,775,6900,387.5
2008-12-29,770,771,753,771,19800,385.5
2008-12-26,765,765,750,760,16300,380
2008-12-25,771,780,742,757,13100,378.5
2008-12-24,765,777,761,775,21800,387.5
2008-12-22,760,775,760,769,17100,384.5
2008-12-19,747,752,741,750,10100,375
2008-12-18,760,775,736,757,18600,378.5
2008-12-17,775,780,733,758,34700,379
2008-12-16,720,775,710,770,26500,385
2008-12-15,735,745,717,728,32200,364
2008-12-12,760,780,700,712,9100,356
2008-12-11,782,782,730,750,22200,375
2008-12-10,800,800,780,800,4100,400
2008-12-09,825,825,796,810,13800,405
2008-12-08,812,825,799,825,8100,412.5
2008-12-05,806,816,799,810,3200,405
2008-12-04,802,835,802,820,4500,410
2008-12-03,822,824,790,822,8600,411
2008-12-02,840,840,816,830,5000,415
2008-12-01,821,831,815,830,4700,415
2008-11-28,807,840,805,830,7000,415
2008-11-27,835,835,805,806,5100,403
2008-11-26,840,866,834,834,9100,417
2008-11-25,880,900,840,860,11200,430
2008-11-21,700,850,700,850,21300,425
2008-11-20,770,780,750,750,25900,375
2008-11-19,816,822,801,820,16200,410
2008-11-18,856,856,810,812,13300,406
2008-11-17,895,895,865,865,47500,432.5
2008-11-14,941,960,900,915,23500,457.5
2008-11-13,930,960,926,933,39700,466.5
2008-11-12,976,980,937,980,39200,490
2008-11-11,995,1020,925,1001,48200,500.5
2008-11-10,1020,1020,981,985,68800,492.5
2008-11-07,856,960,850,960,76100,480
2008-11-06,920,920,860,906,49600,453
2008-11-05,935,935,900,920,87700,460
2008-11-04,810,875,780,874,104800,437
2008-10-31,696,775,675,775,112500,387.5
2008-10-30,699,750,650,717,189200,358.5
2008-10-29,640,710,624,709,359700,354.5
2008-10-28,610,640,555,610,808300,305